"ID";"Повна назва товару";"Ціна";"К-ть";"Розд. ціна";"Опт. ціна";"Націнка 15";"ID групи";"Штрих-код виробника";"Націнка 5";"Ціна 20";"Додатково"
"5553";"""E"" гель для прання (70), 3,5л Color Aromatherapy/4";"203,00";"2";"250,00";"223,30";"233,45";"16";"9000101325928";"213,15";"243,60";""
"1951";"""Snowter"" олівець для чистки прасок";"3,85";"109";"6,00";"4,25";"4,45";"23";"4820220410085";"4,05";"4,65";""
"1563";"""Грёзи"" (""Марення"") гель для інтимної гігієни";"39,80";"9";"43,80";"43,80";"45,80";"96";"4810151009106";"41,80";"47,80";""
"5752";"""Капкан"" пастка-хатинка для тарганів і мурах/60";"4,80";"20";"6,00";"5,30";"5,55";"23";"6901256127562";"5,05";"5,80";""
"1343";"""Лапушка дитячий ш-нь""";"33,80";"10";"37,20";"37,20";"38,90";"6";"4810153005786";"35,50";"40,60";"юмікс"
"4508";"""Лапушка"" зубна паста (від 0 до 2), 85г";"15,60";"12";"17,20";"17,20";"17,95";"46";"4810153006264";"16,40";"18,75";""
"1402";"""Лапушка"" зубна паста (з фтором), 85г";"15,60";"12";"17,20";"17,20";"17,95";"46";"4810153006257";"16,40";"18,75";""
"4231";"""Лісовий бальзам"" зубна паста дит. ""2+"" 50 мл/24";"16,50";"3";"19,00";"18,15";"19,00";"179";"8714100749401";"17,35";"19,80";""
"1179";"""Мама и малыш"" дитячий ш-нь";"35,80";"12";"39,40";"39,40";"41,20";"6";"4810153011398";"37,60";"43,00";"Юмікс"
"4050";"""Модниця Красуня"" бальзам";"29,10";"3";"32,05";"32,05";"33,50";"7";"4810153026248";"30,60";"34,95";""
"3642";"""Модниця Красуня"" дитячий ш-нь з 6 років";"37,10";"12";"40,85";"40,85";"42,70";"6";"4810153026231";"39,00";"44,55";"Юмікс"
"3291";"""Модниця Чарівниця"" дитячий ш-нь з 3 років";"37,10";"12";"40,85";"40,85";"42,70";"6";"4810153026187";"39,00";"44,55";"Юмікс"
"2867";"""Ульотний патруль"" шампунь дитячий";"40,50";"6";"44,60";"44,60";"46,60";"6";"4810153023988";"42,55";"48,65";"Інна"
"4727";"A+ Baby гель для прання, (28 прань) 1,4 л/4";"135,00";"1";"150,00";"148,50";"155,25";"16";"8435495808534";"141,75";"162,00";""
"5178";"A+ Colour гель для прання, (55 прань) 2,2 л/4";"185,00";"2";"220,00";"203,50";"212,75";"16";"8435495810698";"194,25";"222,00";""
"5732";"A+ White гель для прання, (29 прань) 1,52 л/4";"135,00";"9";"160,00";"148,50";"155,25";"16";"7435427810759";"141,75";"162,00";""
"5744";"ACE Sgrassatore Universale спрей 500 мл/8";"29,00";"37";"40,00";"31,90";"33,40";"21";"8001480701175";"30,45";"34,85";""
"2942";"AXE дез. спрей Anti Marks Захист проти плям 150 мл/6/24";"35,00";"16";"41,00";"38,55";"40,30";"163";"8717163640883";"36,80";"42,00";""
"1626";"AXE дез. спрей Apollo 150 мл/6/24";"35,00";"17";"41,00";"38,55";"40,30";"163";"8690637879081";"36,80";"42,00";""
"1627";"AXE дез. спрей Black 150 мл/6/24";"35,00";"16";"41,00";"38,55";"40,30";"163";"8690637879180";"36,80";"42,00";""
"1751";"AXE дез. спрей Black Night 150 мл/6/24";"35,00";"14";"41,00";"38,55";"40,30";"163";"8690637746765";"36,80";"42,00";""
"1624";"AXE дез. спрей Dark Temptation 150 мл/6/24";"35,00";"11";"41,00";"38,55";"40,30";"163";"8690637879104";"36,80";"42,00";""
"2941";"AXE дез. спрей Gold  150 мл/6/24";"35,00";"1";"41,00";"38,55";"40,30";"163";"8690637879067";"36,80";"42,00";""
"3491";"AXE дез. спрей Ice Chill 150 мл/6/24";"35,00";"10";"41,00";"38,55";"40,30";"163";"8690637890567";"36,80";"42,00";""
"4757";"AXE дез. спрей Leather and cookies 150 мл/6/24";"35,00";"16";"41,00";"38,55";"40,30";"163";"8690637892639";"36,80";"42,00";""
"5500";"AXE дез. спрей Recharge 150 мл/6/24";"35,00";"7";"41,00";"38,55";"40,30";"163";"8714100895603";"36,80";"42,00";""
"1625";"AXE дез. спрей You 150 мл/6/24";"35,00";"10";"41,00";"38,55";"40,30";"163";"8690637879128";"36,80";"42,00";""
"3410";"AXE дез. стік  Dark Temptation 50 мл/6";"33,50";"4";"42,00";"36,90";"38,55";"163";"75025939";"35,20";"40,25";""
"3409";"AXE дез. стік Black 50 мл/6";"33,50";"6";"42,00";"36,90";"38,55";"163";"75048099";"35,20";"40,25";""
"4420";"AXE дез. стік Leather and cookies 50 мл/6";"33,50";"7";"42,00";"36,90";"38,55";"163";"75060190";"35,20";"40,25";""
"1507";"Almat гель для прання 1л (28 прань) Non-Bio";"1,90";"13";"95,00";"66,90";"69,95";"16";"25306408";"63,85";"73,00";""
"3945";"Almat пральний порошок 1,625 кг (25 прань) Color/5";"2,80";"1";"110,00";"98,60";"103,05";"17";"25386127";"94,10";"107,55";""
"4325";"Almat пральний порошок 4,875 кг (65 прань) Bio";"6,40";"3";"240,00";"225,30";"235,55";"17";"25334067";"215,05";"245,80";""
"5173";"Alverde 5in1 Nanaminze, Натуральна зубна паста 75 мл";"0,70";"15";"30,00";"24,65";"25,80";"46";"4010355301604";"23,55";"26,90";""
"108";"Antikalk табл. від накипу для пральних машин (51 табл.)/6";"108,00";"11";"135,00";"118,85";"124,20";"18";"4311501654521";"113,45";"129,60";""
"3784";"Aqua спрей-одеколон/20";"26,50";"1";"29,00";"29,15";"30,50";"138";"4820010222133";"27,85";"31,80";""
"5620";"Ariel гель 1,33 л (38 прань) Color/3";"145,00";"2";"180,00";"159,50";"166,75";"16";"8001090704641";"152,25";"174,00";""
"5621";"Ariel гель 1,33 л (38 прань) Original/3";"145,00";"3";"180,00";"159,50";"166,75";"16";"8001090704610";"152,25";"174,00";""
"5786";"Ariel гель Sensitive 4,4л (80 прань)/3";"295,00";"4";"350,00";"324,50";"339,25";"16";"8001090791436";"309,75";"354,00";""
"5787";"Ariel капсули 3в1 (3 шт) Universal+/45";"15,30";"216";"18,00";"16,85";"17,60";"15";"8006540064146";"16,10";"18,40";""
"914";"Arko крем для голіня Cool, 100 мл/72";"11,85";"40";"16,50";"13,05";"13,65";"38";"8690506094126";"12,45";"14,25";""
"205";"Arko крем для голіня Sensetive, 100 мл/72";"11,85";"47";"16,50";"13,05";"13,65";"38";"8690506094515";"12,45";"14,25";""
"5503";"Axe гель-душ чол. Africa, 250мл";"35,00";"23";"40,00";"38,55";"40,30";"169";"8710447279793";"36,80";"42,00";""
"1915";"Axe гель-душ чол. Black, 250мл";"35,00";"24";"40,00";"38,55";"40,30";"169";"8712561617901";"36,80";"42,00";""
"1719";"Axe гель-душ чол. Dark Temptation, 250мл";"35,00";"19";"40,00";"38,55";"40,30";"169";"42153184";"36,80";"42,00";""
"1721";"Axe гель-душ чол. Excite, 250мл";"35,00";"23";"40,00";"38,55";"40,30";"169";"42182740";"36,80";"42,00";""
"2970";"Axe гель-душ чол. Gold, 250мл";"35,00";"29";"40,00";"38,55";"40,30";"169";"8710447253731";"36,80";"42,00";""
"3431";"Axe гель-душ чол. Ice Breaker, 250мл";"35,00";"20";"40,00";"38,55";"40,30";"169";"8717163648704";"36,80";"42,00";""
"3430";"Axe гель-душ чол. Ice Chill, 250мл";"35,00";"18";"40,00";"38,55";"40,30";"169";"8717163648681";"36,80";"42,00";""
"2971";"Axe гель-душ чол. Ice Gold, 250мл";"35,00";"18";"40,00";"38,55";"40,30";"169";"8710447253779";"36,80";"42,00";""
"4988";"Axe гель-душ чол. Leather & Coockies Collision, 250мл";"35,00";"22";"40,00";"38,55";"40,30";"169";"8710447276631";"36,80";"42,00";""
"5504";"Axe гель-душ чол. Recharge, 250мл";"35,00";"16";"40,00";"38,55";"40,30";"169";"8720181123948";"36,80";"42,00";""
"1916";"Axe гель-душ чол. You, 250мл";"35,00";"24";"40,00";"38,55";"40,30";"169";"8710908650062";"36,80";"42,00";""
"1555";"BALEA Шампунь  Men Fresh (освіжаючий) 300 ml/20";"0,85";"13";"33,00";"29,95";"31,30";"156";"4058172738197";"28,60";"32,65";""
"1599";"BALEA Шампунь  Men Sensitive 300 ml/20";"0,85";"15";"33,00";"29,95";"31,30";"156";"4058172738210";"28,60";"32,65";""
"1547";"BALEA Шампунь Anti Schuppen (проти лупи), 300ml/15";"0,85";"17";"32,00";"29,95";"31,30";"156";"4058172482106";"28,60";"32,65";""
"1600";"BALEA Шампунь жін. Pure Frishe (для норм. та жирн.) яблуко, 300 ml/15";"0,85";"14";"32,00";"29,95";"31,30";"156";"4058172482267";"28,60";"32,65";""
"5079";"BALEA Шампунь жін. Seiden Glanz (для ослабленого волосся), 300 ml NEW!/15";"0,85";"16";"32,00";"29,95";"31,30";"156";"4058172626050";"28,60";"32,65";""
"850";"BALEA Шампунь жін. Volumen (для об'єму) 300 ml/15";"0,85";"15";"32,00";"29,95";"31,30";"156";"4058172625978";"28,60";"32,65";""
"1554";"BALEA Шампунь сім. Family 500 ml (для всіх типів волосся), 500ml/10";"0,98";"9";"43,00";"34,50";"36,10";"156";"4058172508837";"32,95";"37,65";""
"4828";"Balea Duschgel frische Energie, 500 мл гель для душу для всієї сім""ї/10";"0,98";"12";"40,00";"34,50";"36,10";"170";"4058172179945";"32,95";"37,65";""
"5171";"Balea Ginger&Lemon рідке мило дозатор, 500 мл/12";"0,85";"12";"35,00";"29,95";"31,30";"155";"4058172325670";"28,60";"32,65";""
"4834";"Balea MEN Dusche Fresch, 300 мл чоловічий гель для душу 3в1/16";"0,85";"16";"32,00";"29,95";"31,30";"170";"4058172509070";"28,60";"32,65";""
"5791";"Balea Milch&Honig рідке мило дозатор, 500 мл/12";"0,85";"12";"35,00";"29,95";"31,30";"155";"4058172325694";"28,60";"32,65";""
"5512";"Balea Sensitive рідке мило дозатор, 500 мл/12";"0,86";"4";"35,00";"30,30";"31,65";"155";"4058172325656";"28,90";"33,05";""
"4826";"Balea гель для душу жін. 300 мл Sensitive /16";"0,85";"3";"32,00";"29,95";"31,30";"170";"4058172636639";"28,60";"32,65";""
"4830";"Balea гель для душу жін. 300 мл Sport & Refresh /16";"0,85";"10";"32,00";"29,95";"31,30";"170";"4058172444821";"28,60";"32,65";""
"5675";"Balea гель для душу жін. 300 мл Vamos ala playa/16";"0,85";"15";"32,00";"29,95";"31,30";"170";"4058172701955";"28,60";"32,65";""
"4820";"Balea дитячий г/душ+шампунь 2в1 для дівчаток 300 мл Ocean Princess /16";"0,88";"6";"38,00";"31,00";"32,40";"170";"4058172446993";"29,60";"33,80";""
"5789";"Balea крем для рук Aloe Vera (зволожуючий), 100мл/15";"1,24";"9";"45,00";"43,65";"45,65";"37";"4058172444289";"41,70";"47,65";""
"5790";"Balea крем для рук Kamille (для чутливої шкіри рук), 100мл/15";"1,11";"10";"40,00";"39,10";"40,85";"37";"4058172509520";"37,30";"42,65";""
"5788";"Balea крем для рук Urea для дуже сухої шкіри, 100мл/15";"1,24";"7";"45,00";"43,65";"45,65";"37";"4058172675379";"41,70";"47,65";""
"5390";"Balea лак 300 мл ""4"" Volume/21";"1,14";"15";"52,00";"40,15";"42,00";"33";"4058172619038";"38,35";"43,80";""
"365";"Balea лак 300 мл ""5"" Ultra Power/21";"1,21";"26";"52,00";"42,60";"44,55";"33";"4058172619052";"40,70";"46,50";""
"252";"Balea мило Milch and Honig, 150 г/28";"15,36";"34";"18,00";"16,90";"17,70";"45";"4058172637131";"16,15";"18,45";""
"295";"Bambino крем 75 мл (4/24)";"32,00";"40";"37,50";"35,25";"36,85";"37";"5900017355009";"33,65";"38,45";""
"254";"Bambino мило, 90 г/48";"14,70";"222";"18,00";"16,20";"16,95";"45";"5900017814100";"15,45";"17,65";""
"5576";"Barbasol піна для гоління Extra Moisture, 283 г/6 (USA)";"85,00";"23";"100,00";"93,55";"97,80";"38";"051009009662";"89,30";"102,00";""
"5578";"Barbasol піна для гоління Original, 283 г/6 (USA)";"85,00";"12";"100,00";"93,55";"97,80";"38";"051009009341";"89,30";"102,00";""
"5575";"Barbasol піна для гоління Sensitive, 283 г/6 (USA)";"85,00";"21";"100,00";"93,55";"97,80";"38";"051009009600";"89,30";"102,00";""
"5577";"Barbasol піна для гоління Soothing Aloe, 283 г/6 (USA)";"85,00";"9";"100,00";"93,55";"97,80";"38";"051009002731";"89,30";"102,00";""
"5551";"Be Beauty гель-душ 3 Biayly Kwiaty 1,3 л/4";"42,50";"10";"50,00";"46,80";"48,90";"27";"5902686250401";"44,65";"51,00";""
"4776";"Be Beauty гель-душ 7 Olejkow 1,3 л/4";"42,50";"8";"50,00";"46,80";"48,90";"27";"5902360475373";"44,65";"51,00";""
"4448";"Be Beauty гель-душ Бавовна 1,3 л";"36,00";"3";"48,00";"39,65";"41,45";"27";"5902360479654";"37,85";"43,25";""
"3483";"Be Beauty гель-душ Козине молоко 1,3 л";"36,00";"7";"48,00";"39,65";"41,45";"27";"5902360479647";"37,85";"43,25";""
"3510";"Belita Young BB крем photoshop-ефект, 30 мл";"42,50";"17";"46,80";"46,80";"48,90";"133";"4810151020590";"44,65";"51,00";"Інна"
"5590";"Belita Young гель з мікрогранулами для вмивання, 300 мл";"51,90";"2";"57,50";"57,10";"59,70";"133";"4810151020149";"54,50";"62,30";""
"5441";"Bic Flex4 станки одноразові (3шт)/10";"69,00";"46";"85,00";"75,95";"79,40";"35";"3086123220614";"72,50";"82,85";""
"5357";"Bic Flex5 станки одноразові (3шт)";"113,00";"67";"160,00";"124,35";"129,95";"35";"3086123492868";"118,70";"135,60";""
"5736";"Bic Miss Soleil Colour collection станки одноразові/4 шт";"64,00";"12";"80,00";"70,45";"73,65";"35";"3086123303843";"67,25";"76,85";""
"5521";"Biocura зволожуючий крем для тіла, 200 мл";"1,03";"17";"40,00";"36,30";"37,95";"37";"24028431";"34,65";"39,60";""
"5690";"Biocura мило, 150 г (мигдаль)";"15,50";"31";"18,00";"17,05";"17,85";"45";"27023280";"16,30";"18,60";""
"3176";"Biocura мило, 150 г (оливка)";"15,50";"26";"18,00";"17,05";"17,85";"45";"27023280";"16,30";"18,60";""
"3010";"Bland-a-med 100 мл Захист для всієї сім'ї/24";"18,50";"19";"20,50";"20,35";"21,30";"181";"5000174416237";"19,45";"22,20";""
"5801";"Bland-a-med 75 мл Classic (тюб.)";"20,00";"100";"25,00";"22,00";"23,00";"181";"8001090272232";"21,00";"24,00";""
"5799";"Bland-a-med 75 мл Extra Frisch Clean (тюб.)";"20,00";"115";"25,00";"22,00";"23,00";"181";"8001090814852";"21,00";"24,00";""
"5800";"Bland-a-med Complete 75 мл Extra Frisch";"20,00";"35";"35,00";"22,00";"23,00";"181";"8001090271471";"21,00";"24,00";""
"5802";"Bland-a-med Complete 75 мл Original";"20,00";"30";"35,00";"22,00";"23,00";"181";"8001090271594";"21,00";"24,00";""
"4598";"Blue2 одн.станки чол. (16 шт)/4";"68,75";"6";"85,00";"75,65";"79,10";"35";"7702018844098";"72,20";"82,55";""
"4803";"Bobini гель для прання дитячих речей (гіпоалергенний) 1 л, (12 прань)/12";"60,00";"3";"75,00";"66,00";"69,00";"16";"5900465246010";"63,00";"72,00";""
"5667";"Bold гель 1,33л (38 прань)";"144,00";"2";"165,00";"158,40";"165,60";"16";"8001090671752";"151,20";"172,80";""
"5672";"Bold гель 840мл (24 прань) Spring Awakening";"78,00";"1";"105,00";"85,85";"89,75";"16";"8001090671813";"81,95";"93,65";""
"4944";"Bryza Color капсули для прання, (42шт)/6";"159,60";"5";"200,00";"175,60";"183,55";"15";"5900627069822";"167,60";"191,55";""
"5727";"Bryza Vanish Ultra White капсули для білого, (28шт)/8";"103,60";"5";"135,00";"114,00";"119,15";"15";"5900627080452";"108,80";"124,35";""
"4295";"Cien Sun Sport LSF30 сонцезахисний спрей 150 мл";"0,83";"8";"30,00";"29,25";"30,55";"37";"20546526";"27,90";"31,90";""
"5465";"Cien Vegan бальзам жін. 300 мл, Feuchtigkeit (для пошкодженого волосся)";"0,72";"6";"28,00";"25,35";"26,50";"140";"4056489236399";"24,20";"27,65";""
"5464";"Cien Vegan шампунь жін. 300 мл, Aufbau&Pflege (відновлюючий)";"0,72";"1";"28,00";"25,35";"26,50";"140";"4056489236375";"24,20";"27,65";""
"5462";"Cien Vegan шампунь жін. 300 мл, Feuchtigkeit (для пошкодженого волосся)";"0,72";"5";"28,00";"25,35";"26,50";"140";"4056489236368";"24,20";"27,65";""
"4975";"Cien лосьйон для тіла Asian Sensation300 мл (фіол.)";"0,76";"3";"30,00";"26,80";"28,00";"27";"20778439";"25,55";"29,20";""
"4972";"Cien лосьйон для тіла Hawaiian Dream 300 мл (салат.)";"0,76";"2";"30,00";"26,80";"28,00";"27";"20778453";"25,55";"29,20";""
"4974";"Cien лосьйон для тіла Polynesian Escape 300 мл (помаранч.)";"0,76";"5";"30,00";"26,80";"28,00";"27";"20778446";"25,55";"29,20";""
"379";"Cien піна для гоління  Fresh 300 мл";"0,76";"10";"32,00";"26,80";"28,00";"38";"20220501";"25,55";"29,20";""
"380";"Cien піна для гоління  Sensetive 300 мл";"0,76";"4";"32,00";"26,80";"28,00";"38";"20220518";"25,55";"29,20";""
"4742";"Clear Vita д/чол. 225 мл шамп. проти лупи  Глибоке чищення";"34,40";"10";"41,00";"37,85";"39,60";"157";"8710847959684";"36,15";"41,30";""
"4614";"Clear Vita д/чол. 225 мл шамп. проти лупи  Енергія свіжості";"34,40";"18";"41,00";"37,85";"39,60";"157";"8710847959615";"36,15";"41,30";""
"4612";"Clear Vita д/чол. 225 мл шамп. проти лупи  Контроль жирності";"34,40";"17";"41,00";"37,85";"39,60";"157";"8710847960390";"36,15";"41,30";""
"4613";"Clear Vita д/чол. 225 мл шамп. проти лупи  Фітотехнологія";"34,40";"12";"41,00";"37,85";"39,60";"157";"8710847959677";"36,15";"41,30";""
"4616";"Clear Vita д/чол. 225 мл шамп. проти лупи Від випадіння";"34,40";"18";"41,00";"37,85";"39,60";"157";"8710847959646";"36,15";"41,30";""
"4639";"Clear Vita д/чол. 225 мл шамп. проти лупи Крижана свіжість";"34,40";"17";"41,00";"37,85";"39,60";"157";"8710847959608";"36,15";"41,30";""
"1101";"Clear Vita д/чол. 400 мл шам.+бал. проти лупи 2в1 Глибоке очищення/12";"55,00";"17";"63,00";"60,55";"63,30";"157";"8710908612282";"57,80";"66,00";""
"1097";"Clear Vita д/чол. 400 мл шамп. проти лупи  2 в 1 Ultimate Control/12";"55,00";"21";"63,00";"60,55";"63,30";"157";"4605922010487";"57,80";"66,00";""
"1722";"Clear Vita д/чол. 400 мл шамп. проти лупи  Контроль жирності   EU/12";"55,00";"22";"63,00";"60,55";"63,30";"157";"8712561096676";"57,80";"66,00";""
"2084";"Clear Vita д/чол. 400 мл шамп. проти лупи  Фітотехнологія/12";"55,00";"21";"63,00";"60,55";"63,30";"157";"8711700858304";"57,80";"66,00";""
"5582";"Clear Vita д/чол. 400 мл шамп. проти лупи 3в1 Сила та об'єм/12";"55,00";"22";"63,00";"60,55";"63,30";"157";"8714100890745";"57,80";"66,00";""
"5583";"Clear Vita д/чол. 400 мл шамп. проти лупи 3в1 Ультра свіжість за 30 сек./12";"55,00";"22";"63,00";"60,55";"63,30";"157";"8714100890646";"57,80";"66,00";""
"4610";"Clear Vita д/чол. 400 мл шамп. проти лупи Legend by CR7/12";"55,00";"21";"63,00";"60,55";"63,30";"157";"8710847997495";"57,80";"66,00";""
"1930";"Clear Vita д/чол. 400 мл шамп. проти лупи Енергія свіжості вол./12";"55,00";"22";"63,00";"60,55";"63,30";"157";"8712561096492";"57,80";"66,00";""
"1102";"Clear шамп. д/жін. 400 мл  Віднов. пошкод./фарб. вол./12";"55,00";"6";"63,00";"60,55";"63,30";"157";"8717644165829";"57,80";"66,00";""
"1723";"Clear шамп. д/жін. 400 мл  Захист від випадіння/12";"55,00";"4";"63,00";"60,55";"63,30";"157";"8717644165768";"57,80";"66,00";""
"1106";"Clear шамп. д/жін. 400 мл  Контроль жирності шкіри/12";"55,00";"6";"63,00";"60,55";"63,30";"157";"8712561612111";"57,80";"66,00";""
"1104";"Clear шамп. д/жін. 400 мл  М`яке та блискуче/12";"55,00";"7";"63,00";"60,55";"63,30";"157";"8717644166222";"57,80";"66,00";""
"3062";"Clin спрей для вікон 500 мл Lemon (тригер) /10";"34,50";"64";"40,00";"38,00";"39,70";"23";"9000100867078";"36,25";"41,45";""
"4682";"Coccolino (30) ополіскувач 750 мл/16 Purple Orchid & Blueberries/16";"44,50";"3";"55,00";"49,00";"51,20";"20";"8712561438100";"46,75";"53,45";""
"4934";"Coccolino Intense ополіскувач (36), 570 мл Fresh Sky";"43,00";"8";"60,00";"47,35";"49,50";"20";"8714100004968";"45,20";"51,65";""
"4592";"Coccolino ополіскувач (37), 925мл Almond&Cashmere";"49,00";"2";"61,00";"53,95";"56,40";"20";"8717163623688";"51,50";"58,85";""
"4496";"Coccolino ополіскувач (37), 925мл Honeysuckle & Sandalwood";"49,00";"3";"61,00";"53,95";"56,40";"20";"8710447282922";"51,50";"58,85";""
"4437";"Coccolino ополіскувач (37), 925мл Passion Flower & Bergamot";"49,00";"1";"61,00";"53,95";"56,40";"20";"8710447282915";"51,50";"58,85";""
"4421";"Coccolino ополіскувач (42), 1050 мл Blue Splash";"49,00";"4";"61,00";"53,95";"56,40";"20";"8710447283035";"51,50";"58,85";""
"4423";"Coccolino ополіскувач (42), 1050 мл Sensetive";"49,00";"4";"61,00";"53,95";"56,40";"20";"8710447283059";"51,50";"58,85";""
"5313";"Coccolino ополіскувач (58)  870 мл Deluxe Divine Petals/6";"85,00";"7";"100,00";"93,55";"97,80";"20";"8710847880261";"89,30";"102,00";""
"5311";"Coccolino ополіскувач (58) 870 мл Deluxe Lavish Blossom/6";"85,00";"3";"100,00";"93,55";"97,80";"20";"8710847880254";"89,30";"102,00";""
"5314";"Coccolino ополіскувач (58), 870 мл Deluxe Heavenly Nectar/6";"85,00";"3";"100,00";"93,55";"97,80";"20";"8710847880216";"89,30";"102,00";""
"5312";"Coccolino ополіскувач (58), 870 мл Deluxe Luscious Bouquet/6";"85,00";"7";"100,00";"93,55";"97,80";"20";"8710847880230";"89,30";"102,00";""
"4537";"Colgate MaxWhite Expert Complete 75 мл";"29,00";"141";"45,00";"31,90";"33,40";"182";"7509546071411";"30,45";"34,85";""
"2935";"Colgate Optic White Sparkling White 75 мл/12/48";"37,50";"20";"45,00";"41,30";"43,15";"182";"7891024124826";"39,40";"45,00";""
"5232";"Colgate Optic White, 75 мл Extra Power/12/48";"37,50";"24";"45,00";"41,30";"43,15";"182";"8718951159402";"39,40";"45,00";""
"5488";"Colgate Optic White, 75 мл Instant/12/48";"37,50";"22";"45,00";"41,30";"43,15";"182";"8714789930848";"39,40";"45,00";""
"5233";"Colgate Optic White, 75 мл Lasting White/12/48";"37,50";"21";"45,00";"41,30";"43,15";"182";"8718951286733";"39,40";"45,00";""
"4767";"Colgate Sensetive 110 г/12";"27,00";"16";"30,00";"29,70";"31,05";"182";"8850006326169";"28,35";"32,45";""
"5717";"Colgate Total Fresh Stripe 75 мл/12/48";"29,80";"72";"35,00";"32,80";"34,30";"182";"8718951175662";"31,30";"35,80";""
"5102";"Colgate Максимальний захист від карієсу, 100 мл/48";"20,50";"50";"24,00";"22,55";"23,60";"182";"7891024149102";"21,55";"24,60";""
"772";"Colgate Максимальний захист від карієсу, 50 мл/72";"13,00";"19";"15,00";"14,30";"14,95";"182";"7891024149003";"13,65";"15,60";""
"5523";"DM Profissimo Серветки вологопоглинаючі (5 шт)/12";"1,14";"48";"45,00";"40,15";"42,00";"153";"4010355653352";"38,35";"43,80";""
"5623";"Dash 2in1 гель 1,925 л (35 прань) Envolee/4";"185,00";"9";"210,00";"203,50";"212,75";"16";"8001841132495";"194,25";"222,00";""
"5156";"Dash капсули 3в1 Ambra (40 шт)/2";"204,00";"8";"240,00";"224,40";"234,60";"15";"8001841790381";"214,20";"244,80";""
"5109";"Dash капсули 3в1 Classico (40 шт)/2";"200,00";"9";"240,00";"220,05";"230,00";"15";"8001841790244";"210,00";"240,00";""
"5416";"Dash капсули 3в1 Extra Igienizzante (43 шт) Універсальні/2";"225,75";"3";"258,00";"248,35";"259,65";"15";"8001841791388";"237,05";"270,90";""
"5108";"Dash капсули 3в1 Salva Colore (40 шт)/2";"200,00";"17";"240,00";"220,05";"230,00";"15";"8001841790275";"210,00";"240,00";""
"5220";"Dash пральний порошок 6,5 кг (100 прань) AlpenFrische";"12,00";"5";"450,00";"422,40";"441,60";"17";"4012400500291";"403,20";"460,80";""
"4978";"Dash пральний порошок Alpen Frische 2,6 кг (40 прань)";"5,17";"6";"200,00";"182,00";"190,30";"17";"4012400500758";"173,75";"198,55";""
"4977";"Dash пральний порошок Color Frische 2,6 кг (40 прань)";"5,17";"6";"200,00";"182,00";"190,30";"17";"4012400500475";"173,75";"198,55";""
"5726";"Daz капсули White&Colours (27)/3";"140,40";"6";"162,00";"154,45";"161,50";"15";"4084500591660";"147,45";"168,50";""
"4324";"Deluxe Top Freiniger Губка для посуду (5 шт)/20";"12,50";"10";"14,00";"13,75";"14,40";"153";"4260504880164";"13,15";"15,00";""
"5244";"Deluxe ополіскувач Goldene, 2 л (57 опол.)/6";"70,00";"1";"77,00";"77,00";"80,55";"20";"4260504880737";"73,55";"84,00";""
"3734";"Deluxe туалетний папір 3-шаровий (16 шт)/4";"71,00";"62";"88,00";"78,15";"81,70";"135";"4260504880140";"74,60";"85,25";""
"5277";"Denk Mit  пральний порошок 1,3 кг (20 прань) Colorwaschmittel Cosy Eleganse/8";"3,22";"7";"130,00";"113,35";"118,50";"17";"4058172585012";"108,20";"123,65";""
"5217";"Denk Mit Badreiniger спрей від вапняного нальоту (акрил, пластик, нержавіюча сталь) 1 л./8";"1,13";"1";"45,00";"39,80";"41,60";"22";"4058172180347";"38,00";"43,40";""
"5373";"Denk Mit Color пральний порошок 1,35 кг (20 прань) фіол./8";"3,22";"3";"130,00";"113,35";"118,50";"17";"4058172585777";"108,20";"123,65";""
"5022";"Denk Mit Color пральний порошок 2,7 кг (40 прань) фіол./4";"198,00";"4";"250,00";"217,80";"227,70";"17";"4058172180712";"207,90";"237,60";""
"5166";"Denk Mit Kalkreiniger засіб від вапняного нальоту (акрил, пластик, нержавіюча сталь) 500 мл./12";"0,95";"1";"40,00";"33,45";"35,00";"22";"4058172181757";"31,95";"36,50";""
"4060";"Denk Mit Multi Power 4 Reiniger універсальний чистячий засіб, 750 мл/12";"1,95";"25";"75,00";"68,65";"71,80";"21";"4058172180309";"65,55";"74,90";""
"5167";"Denk Mit Rohrreiniger засіб для прочищення труб, 600 г/12";"1,63";"21";"65,00";"57,40";"60,00";"154";"4010355488572";"54,80";"62,60";""
"5023";"Denk Mit Universal пральний порошок 2,7 кг (40 прань) зел./4";"198,00";"3";"250,00";"217,80";"227,70";"17";"4058172180699";"207,90";"237,60";""
"5169";"Denk Mit Спрей-піна для миття духовок, грилю, камінного скла, 750 мл/12";"1,90";"12";"75,00";"66,90";"69,95";"21";"4010355055774";"63,85";"73,00";""
"5471";"Denk Mit гель Color 1,1 л (20 прань) Колір/6";"3,25";"3";"125,00";"114,45";"119,65";"16";"4058172180538";"109,25";"124,85";""
"5520";"Denk Mit гель Feinwaschlotion Color&Care 1,5 л (30 прань)/8";"1,91";"7";"80,00";"67,25";"70,30";"16";"4058172215537";"64,20";"73,35";""
"5165";"Denk Mit гель Fresh Sensation 1,5 л (35 прань) Універсальний New/6";"2,24";"10";"120,00";"78,85";"82,45";"16";"4058172585920";"75,30";"86,05";""
"5476";"Denk Mit гель Green Sensation1,1 л (20 прань) Універсал/6";"3,26";"6";"125,00";"114,80";"120,00";"16";"4058172585036";"109,55";"125,20";""
"5477";"Denk Mit гель Vollwaschmittel 1,1 л (20 прань) Універсал/6";"3,26";"3";"125,00";"114,80";"120,00";"16";"4058172180491";"109,55";"125,20";""
"5278";"Denk Mit гель для прання 1 л (40 прань) Black/8";"2,33";"14";"100,00";"82,05";"85,75";"16";"4058172180453";"78,30";"89,50";""
"5279";"Denk Mit гель для прання 1 л (40 прань) White/8";"2,33";"5";"100,00";"82,05";"85,75";"16";"4058172180477";"78,30";"89,50";""
"5282";"Denk Mit засіб для унітазів 1л Ocean";"0,86";"9";"40,00";"30,30";"31,65";"22";"4010355485397";"28,90";"33,05";""
"5281";"Denk Mit засіб для унітазів 750мл Multi Power";"0,86";"11";"36,00";"30,30";"31,65";"22";"4010355490612";"28,90";"33,05";""
"5168";"Denk Mit молочко-крем для кухні та ванни, Лимон 750 мл/12";"0,82";"13";"35,00";"28,90";"30,20";"21";"4010355485953";"27,60";"31,50";""
"5398";"Denk Mit ополіскувач для посудомийок 1 л/12";"0,98";"10";"45,00";"34,50";"36,10";"152";"4010355485632";"32,95";"37,65";""
"5591";"Denk Mit пральний порошок 1,35 кг (20 прань) Vollwaschmittel Fresh Moments /8";"3,22";"1";"130,00";"113,35";"118,50";"17";"4058172584992";"108,20";"123,65";""
"5219";"Denk Mit промивка для посудомийок 250 мл/12";"1,19";"5";"50,00";"41,90";"43,80";"152";"4010355488534";"40,00";"45,70";""
"3806";"Denk Mit спрей від жиру для кухні, 750 мл/6";"1,40";"9";"55,00";"49,30";"51,55";"21";"4010355473844";"47,05";"53,80";""
"5275";"DenkMit унів.засіб для всіх поверхонь Fruhlings-Moment, 1л/10";"0,94";"9";"38,00";"33,10";"34,60";"22";"4058172470080";"31,60";"36,10";""
"5276";"DenkMit унів.засіб для всіх поверхонь Limetten-Zauber, 1л/10";"0,94";"18";"38,00";"33,10";"34,60";"22";"4058172470066";"31,60";"36,10";""
"274";"DentaMax ""Elkos"" зубна паста Fluorfresh 120 мл/12";"16,50";"92";"19,00";"18,15";"19,00";"46";"4311501657508";"17,35";"19,80";""
"275";"DentaMax ""Elkos"" зубна паста Krauter 120 мл/12";"16,75";"42";"19,00";"18,45";"19,30";"46";"4311501657478";"17,60";"20,10";""
"782";"Dentagard 100 мл помпа/6";"34,00";"13";"43,50";"37,45";"39,10";"46";"4011200243902";"35,75";"40,85";""
"1400";"Dentavit зубна паста Мінерали мертвого моря, 160г";"22,30";"5";"24,55";"24,55";"25,65";"46";"4810153006813";"23,45";"26,80";""
"1399";"Dentavit зубна паста Срібло фтор, 160г";"22,30";"15";"24,55";"24,55";"25,65";"46";"4810153006837";"23,45";"26,80";""
"1398";"Dentavit зубна паста Срібло-кальцій (без фтору), 160г";"22,30";"15";"24,55";"24,55";"25,65";"46";"4810153006752";"23,45";"26,80";""
"5738";"Dermomed гель для душу  750 мл Karite & Almond/12										";"45,00";"25";"55,00";"49,55";"51,80";"27";"8054633831052";"47,30";"54,00";""
"5737";"Dermomed гель для душу 750 мл Argan/12";"45,00";"25";"55,00";"49,55";"51,80";"27";"8032680390654";"47,30";"54,00";""
"1985";"Discreet щоденні 100 Waterlilly/5";"57,00";"28";"65,00";"62,75";"65,60";"3";"8001090162274";"59,90";"68,45";""
"5792";"Discreet щоденні 100 summer fresh/5";"57,00";"7";"65,00";"62,75";"65,60";"3";"8001090162199";"59,90";"68,45";""
"167";"Dollar спрей-одеколон/20";"26,50";"3";"29,00";"29,15";"30,50";"138";"4820010222027";"27,85";"31,80";""
"1173";"Domestos 1л Свіжість атлантики (голубий)/16";"42,00";"13";"46,50";"46,25";"48,35";"22";"8717163094952";"44,15";"50,45";""
"5796";"Domestos 2л Extended Power (зелений)/6";"70,00";"31";"80,00";"77,00";"80,55";"22";"5996037079544";"73,55";"84,00";""
"2652";"Domestos Attax стікер для очищення унітазу, Лимонна свіжість (3 шт)/20";"18,00";"11";"20,00";"19,80";"20,70";"22";"8711700691482";"18,90";"21,60";""
"5731";"Domestos Attax стікер для очищення унітазу, Морська свіжість (3 шт)/20";"18,00";"12";"20,00";"19,80";"20,70";"22";"8711700692953";"18,90";"21,60";""
"1168";"Domestos гель д/унітазу, 0.5л (голубий)/20";"24,60";"13";"27,50";"27,10";"28,30";"22";"4601726007593";"25,85";"29,55";""
"126";"Domestos гель д/унітазу, 0.5л (жовтий)/20";"24,60";"23";"27,50";"27,10";"28,30";"22";"4601726004769";"25,85";"29,55";""
"1170";"Domestos гель д/унітазу, 0.5л (зелений)/20";"24,60";"26";"27,50";"27,10";"28,30";"22";"4601726004806";"25,85";"29,55";""
"5170";"Dontodent  Junior  дитяча зубна паста 100 мл від 6 років NEW/12";"0,78";"7";"32,50";"27,50";"28,75";"46";"4058172619922";"26,25";"30,00";""
"278";"Dontodent 125 мл Brilliant Weiss/28";"28,00";"29";"31,00";"30,80";"32,25";"46";"4058172487897";"29,40";"33,65";""
"5479";"Dontodent 125 мл Clear Fresh New/28";"0,59";"46";"25,00";"20,80";"21,75";"46";"4058172619908";"19,85";"22,70";""
"4958";"Dontodent 125 мл Krauter";"0,59";"9";"25,00";"20,80";"21,75";"46";"4058172336393";"19,85";"22,70";""
"5227";"Dontodent 125 мл Krauter New/28";"0,59";"36";"25,00";"20,80";"21,75";"46";"4058172619861";"19,85";"22,70";""
"276";"Dontodent 125 мл Sensetive/28";"28,00";"38";"31,00";"30,80";"32,25";"46";"4058172619649";"29,40";"33,65";""
"5337";"Dontodent, Ополіcкувач для рота 500мл (Anti - Bakterial)";"1,00";"7";"40,00";"35,25";"36,85";"180";"4058172674679";"33,65";"38,45";""
"5338";"Dontodent, Ополіcкувач для рота 500мл (Sensitive)";"1,00";"7";"40,00";"35,25";"36,85";"180";"4058172487835";"33,65";"38,45";""
"5339";"Dontodent, Ополіcкувач для рота 500мл (ZahnFleisch)";"1,00";"4";"40,00";"35,25";"36,85";"180";"4058172487873";"33,65";"38,45";""
"5532";"Dove Burro Di Karite гель-душ жін. 700мл Масло Ши та пряна ваніль, NEW/12";"76,00";"11";"85,00";"83,65";"87,45";"168";"8720181047091";"79,85";"91,25";""
"5530";"Dove Crema Di Mandorle гель-душ жін. 700мл Мигдаль і гібіскус, NEW/12";"76,00";"19";"85,00";"83,65";"87,45";"168";"8720181047053";"79,85";"91,25";""
"5533";"Dove Idratante гель-душ жін. 700мл Зволожуючий, NEW/12";"75,00";"18";"85,00";"82,55";"86,30";"168";"8720181047084";"78,80";"90,00";""
"5529";"Dove Seta Preziosa гель-душ жін. 700мл Шовк NEW/12";"76,00";"16";"85,00";"83,65";"87,45";"168";"8720181047060";"79,85";"91,25";""
"5531";"Dove Te Verde e Cetriolo гель-душ жін. 700мл Огірок, NEW/12";"76,00";"17";"85,00";"83,65";"87,45";"168";"8720181047077";"79,85";"91,25";""
"4245";"Dove б-м жін. Інтенсивне відновлення 200 мл";"37,00";"7";"42,00";"40,75";"42,60";"158";"8712561885096";"38,90";"44,45";""
"4246";"Dove б-м жін. Відновлення Куркума та кокосова олія 200 мл";"37,00";"14";"42,00";"40,75";"42,60";"158";"8714100755365";"38,90";"44,45";""
"4247";"Dove б-м жін. Детокс з Матча та рисовим молоком200 мл";"37,00";"9";"42,00";"40,75";"42,60";"158";"8714100757307";"38,90";"44,45";""
"3237";"Dove б-м жін. Живильний догляд 200 мл";"37,00";"1";"42,00";"40,75";"42,60";"158";"8711600451650";"38,90";"44,45";""
"4345";"Dove б-м жін. Контроль над втратою 200 мл";"37,00";"6";"42,00";"40,75";"42,60";"158";"8712561885072";"38,90";"44,45";""
"4242";"Dove б-м жін. Розкішний об'єм 200 мл";"37,00";"2";"42,00";"40,75";"42,60";"158";"8710447201992";"38,90";"44,45";""
"4243";"Dove б-м жін. Сяючий блиск 200 мл";"37,00";"5";"42,00";"40,75";"42,60";"158";"8710447202098";"38,90";"44,45";""
"2317";"Dove гель-душ жін. 700мл Мигдаль Гібіскус";"76,00";"2";"85,00";"83,65";"87,45";"168";"8712561898966";"79,85";"91,25";""
"2655";"Dove гель-душ жін. Відновлюючий 250мл";"26,00";"18";"30,00";"28,60";"29,90";"168";"8710908882838";"27,30";"31,20";""
"3601";"Dove гель-душ жін. Відновлюючий з рожевою глиною 250мл";"26,00";"8";"30,00";"28,60";"29,90";"168";"8717163684863";"27,30";"31,20";""
"1968";"Dove гель-душ жін. Глибоке живлення 250мл";"26,00";"27";"30,00";"28,60";"29,90";"168";"8712561593335";"27,30";"31,20";""
"2660";"Dove гель-душ жін. Масло Ши та пряна ваніль 250мл";"26,00";"15";"30,00";"28,60";"29,90";"168";"8712561609364";"27,30";"31,20";""
"2709";"Dove гель-душ жін. Надихайючий 250мл";"26,00";"19";"30,00";"28,60";"29,90";"168";"8710908882128";"27,30";"31,20";""
"3612";"Dove гель-душ жін. Очищення з зеленою глиною 250мл";"26,00";"8";"30,00";"28,60";"29,90";"168";"8717163684818";"27,30";"31,20";""
"1969";"Dove гель-душ жін. Пробудження почуттів 250мл";"26,00";"19";"30,00";"28,60";"29,90";"168";"8712561655026";"27,30";"31,20";""
"4660";"Dove гель-душ жін. Півонія та трояндова олія 250мл";"26,00";"19";"30,00";"28,60";"29,90";"168";"8710908285127";"27,30";"31,20";""
"3614";"Dove гель-душ жін. Ритуал краси задоволення 250мл";"26,00";"18";"30,00";"28,60";"29,90";"168";"8717163687796";"27,30";"31,20";""
"3613";"Dove гель-душ жін. Ритуал краси пробудження 250мл";"26,00";"20";"30,00";"28,60";"29,90";"168";"8717163687758";"27,30";"31,20";""
"2712";"Dove гель-душ жін. Розслабляючий 250мл";"26,00";"10";"30,00";"28,60";"29,90";"168";"8714100470527";"27,30";"31,20";""
"2656";"Dove гель-душ жін. Сяяння шкіри 250мл";"26,00";"20";"30,00";"28,60";"29,90";"168";"8710908879500";"27,30";"31,20";""
"1966";"Dove гель-душ жін. Фісташковий крем і магнолія 250мл";"26,00";"16";"30,00";"28,60";"29,90";"168";"8712561645256";"27,30";"31,20";""
"5385";"Dove дез. кулька жін. Invisible Dry";"25,00";"23";"30,00";"27,50";"28,75";"47";"59083993";"26,25";"30,00";""
"1789";"Dove дез. кулька жін. Original";"25,00";"19";"30,00";"27,50";"28,75";"47";"50097425";"26,25";"30,00";""
"2784";"Dove дез. кулька жін. Груша та Алоє Вера";"25,00";"21";"30,00";"27,50";"28,75";"47";"96137130";"26,25";"30,00";""
"1791";"Dove дез. кулька жін. Заряд енергії (Грейпфрут)";"25,00";"10";"30,00";"27,50";"28,75";"47";"50093878";"26,25";"30,00";""
"1793";"Dove дез. кулька жін. Ніжність Пудри";"25,00";"9";"30,00";"27,50";"28,75";"47";"46151391";"26,25";"30,00";""
"1792";"Dove дез. кулька жін. Пробудження почутів (гранат)";"25,00";"9";"30,00";"27,50";"28,75";"47";"96033531";"26,25";"30,00";""
"3615";"Dove дез. кулька жін. Ритуал краси Відновлення (Кокос)";"25,00";"10";"30,00";"27,50";"28,75";"47";"59081630";"26,25";"30,00";""
"4342";"Dove дез. кулька жін. Ритуал краси Живлення (Гібіскус)";"25,00";"9";"30,00";"27,50";"28,75";"47";"59013662";"26,25";"30,00";""
"3616";"Dove дез. кулька жін. Ритуал краси Пробудження";"25,00";"11";"30,00";"27,50";"28,75";"47";"59081623";"26,25";"30,00";""
"5581";"Dove дез. кулька жін. Ягоди асаї";"25,00";"7";"30,00";"27,50";"28,75";"47";"59085645";"26,25";"30,00";""
"1798";"Dove дез. спрей жін. Invisible";"31,00";"19";"36,00";"34,15";"35,70";"47";"8710447376034";"32,60";"37,25";""
"2750";"Dove дез. спрей жін. Mineral Touch (Дотик природи)";"31,00";"13";"36,00";"34,15";"35,70";"47";"8712561315906";"32,60";"37,25";""
"2104";"Dove дез. спрей жін. Груша та Алоє Вера";"31,00";"12";"36,00";"34,15";"35,70";"47";"8710908559235";"32,60";"37,25";""
"1799";"Dove дез. спрей жін. Дотик свіжості (огірок)";"31,00";"19";"36,00";"34,15";"35,70";"47";"7290003806591";"32,60";"37,25";""
"1802";"Dove дез. спрей жін. Ніжність пудри";"31,00";"7";"36,00";"34,15";"35,70";"47";"4605922017233";"32,60";"37,25";""
"5502";"Dove дез. спрей жін. Ягоди асаї";"31,00";"8";"36,00";"34,15";"35,70";"47";"8714100899182";"32,60";"37,25";""
"1794";"Dove дез. сух. жін. Invisible Dry";"36,00";"28";"42,00";"39,65";"41,45";"47";"50287062";"37,85";"43,25";""
"1795";"Dove дез. сух. жін. Original";"33,00";"34";"42,00";"36,35";"38,00";"47";"80466437";"34,70";"39,65";""
"2748";"Dove дез. сух. жін. Груша та Алоє Вера";"36,00";"26";"42,00";"39,65";"41,45";"47";"96137161";"37,85";"43,25";""
"2785";"Dove дез. сух. жін. Дотик свіжості (огірок)";"36,00";"24";"42,00";"39,65";"41,45";"47";"50285662";"37,85";"43,25";""
"1796";"Dove дез. сух. жін. Ефект пудри";"36,00";"25";"42,00";"39,65";"41,45";"47";"46151407";"37,85";"43,25";""
"4032";"Dove дез. сух. жін. Ритуал краси Відновлення (Кокос)";"36,00";"8";"42,00";"39,65";"41,45";"47";"8710847865688";"37,85";"43,25";""
"4313";"Dove дез. сух. жін. Ритуал краси Живлення (Гібіскус)";"36,00";"9";"42,00";"39,65";"41,45";"47";"46226693";"37,85";"43,25";""
"4221";"Dove дез. сух. жін. Яблуко";"36,00";"32";"42,00";"39,65";"41,45";"47";"59079583";"37,85";"43,25";""
"3572";"Dove мило 100 г Інжир/48";"13,45";"4";"15,00";"14,80";"15,50";"45";"8710522370513";"14,15";"16,15";""
"5496";"Dove мило 100 г Дорогоцінні масла жовте/48 New";"13,45";"41";"15,00";"14,80";"15,50";"45";"8710908602757";"14,15";"16,15";""
"3182";"Dove мило 100 г Краса та догляд (синє)/24";"13,45";"1";"15,00";"14,80";"15,50";"45";"8000700000005";"14,15";"16,15";""
"997";"Dove мило 100 г скраб голубе/48";"13,45";"2";"15,00";"14,80";"15,50";"45";"8717644190524";"14,15";"16,15";""
"996";"Dove мило 100 г ши коричневе/48";"13,45";"38";"15,00";"14,80";"15,50";"45";"8710908389160";"14,15";"16,15";""
"1376";"Dove мило 135 г Інжир/48";"17,00";"11";"19,25";"18,70";"19,55";"45";"8711700966610";"17,85";"20,40";""
"1138";"Dove мило 135 г Кокос (рожеве)/48";"17,00";"139";"19,25";"18,70";"19,55";"45";"8712561306577";"17,85";"20,40";""
"1136";"Dove мило 135 г Краса та догляд (синє)/48";"17,00";"137";"19,25";"18,70";"19,55";"45";"8717163566282";"17,85";"20,40";""
"1137";"Dove мило 135 г Огірок (зелене)/48";"17,00";"100";"19,25";"18,70";"19,55";"45";"8717163989876";"17,85";"20,40";""
"3574";"Dove ш-нь жін. 250 мл Детокс з Матча та Рисовим молоком";"37,00";"1";"42,00";"40,75";"42,60";"158";"8714100757086";"38,90";"44,45";""
"1713";"Dove ш-нь жін. 250 мл Живильний догляд";"37,00";"1";"42,00";"40,75";"42,60";"158";"8712561888387";"38,90";"44,45";""
"2679";"Dove ш-нь жін. 250 мл Контроль над втратою";"37,00";"2";"42,00";"40,75";"42,60";"158";"8712561888325";"38,90";"44,45";""
"3799";"Dove ш-нь жін. 400 мл Відновлення куркума та кокосова олія/6";"47,00";"1";"52,00";"51,75";"54,05";"158";"8710447304068";"49,40";"56,45";""
"2670";"Dove ш-нь жін. 400 мл Контроль над втратою";"47,00";"1";"52,00";"51,75";"54,05";"158";"8714100727812";"49,40";"56,45";""
"3013";"Dove ш-нь жін. 400 мл Сяючий Блиск/6";"47,00";"3";"52,00";"51,75";"54,05";"158";"8710447203415";"49,40";"56,45";""
"4457";"Duru (1+1) Зелений чай мило 4х90г/12";"28,00";"14";"31,00";"30,80";"32,25";"45";"8690506025076";"29,40";"33,65";""
"3025";"Duru (1+1) Морські мінерали мило 4х90г/12";"28,00";"53";"31,00";"30,80";"32,25";"45";"8690506025090";"29,40";"33,65";""
"4770";"Duru Fresh мило Океан 4х115г/16";"36,10";"40";"40,00";"39,75";"41,55";"45";"8690506494650";"37,95";"43,35";""
"2015";"Elkos господарче мило, 3*100 г/12";"30,00";"19";"36,00";"33,00";"34,55";"45";"4311501659793";"31,50";"36,00";""
"258";"Elkos мило, 150 г/24";"15,50";"8";"17,00";"17,05";"17,85";"45";"4311501659823";"16,30";"18,60";""
"3607";"Elmex Caries Protection Whitening зубна паста проти карієсу, 75 мл/12";"55,00";"7";"60,00";"60,55";"63,30";"46";"8718951240858";"57,80";"66,00";""
"4705";"Elmex Caries Protection зубна паста проти карієсу, 75 мл/12";"52,80";"51";"60,00";"58,10";"60,75";"46";"4007965560002";"55,45";"63,40";""
"3608";"Elmex Sensetive зубна паста для чутливих зубів, 75 мл/12";"52,80";"24";"60,00";"58,10";"60,75";"46";"4007965560200";"55,45";"63,40";""
"4105";"Elmex Sensitive Whitening зубна паста для чутливих зубів, 75 мл/12";"55,00";"14";"60,00";"60,55";"63,30";"46";"8714789926292";"57,80";"66,00";""
"4706";"Elmex зубна паста дитяча, 75 мл Baby/12";"55,00";"17";"60,00";"60,55";"63,30";"46";"8718951084131";"57,80";"66,00";""
"5680";"Empire відштовхувач забруднень 400мл";"1,40";"17";"55,00";"49,30";"51,55";"24";"4260245232154";"47,05";"53,80";""
"5319";"Enzo гель, 4л  (100 прань) (Black)/3";"91,50";"2";"110,00";"100,70";"105,25";"16";"4260504880317";"96,10";"109,85";""
"3732";"Enzo гель, 4л  (100 прань) (Color)/3";"91,50";"2";"110,00";"100,70";"105,25";"16";"4260504880294";"96,10";"109,85";""
"3733";"Enzo гель, 4л  (100 прань) (Universal)/3";"91,50";"8";"110,00";"100,70";"105,25";"16";"4260504880300";"96,10";"109,85";""
"4575";"Enzo пральний порошок 560 г Color (8 прань)/18";"26,00";"4";"29,00";"28,60";"29,90";"17";"4260504880607";"27,30";"31,20";""
"5718";"Enzo пральний порошок 560 г White (8 прань)/18";"26,00";"2";"29,00";"28,60";"29,90";"17";"4260504880621";"27,30";"31,20";""
"4800";"Enzo пральний порошок Color 2,45 кг (35 прань)/5";"77,00";"10";"85,00";"84,75";"88,60";"17";"4260504880638";"80,90";"92,45";""
"4799";"Enzo пральний порошок Universal 2,45 кг (35 прань)/5";"77,00";"6";"85,00";"84,75";"88,60";"17";"4260504880645";"80,90";"92,45";""
"4801";"Enzo пральний порошок White 2,45 кг (35 прань)/5";"77,00";"1";"85,00";"84,75";"88,60";"17";"4260504880652";"80,90";"92,45";""
"5670";"Fa антибакт. рідке мило 385мл/6";"14,00";"6";"18,00";"15,40";"16,10";"155";"5012583208785";"14,70";"16,80";""
"5116";"Fairy (Jar) капсули для посудомийок All in1 Platinum (27 шт)";"110,00";"8";"130,00";"121,05";"126,55";"152";"8001090016027";"115,55";"132,00";""
"5759";"Fairy (Joy)  капсули для посудомийок All in1 Platinum (24 шт)/5";"62,40";"7";"117,00";"68,65";"71,80";"152";"8001841670935";"65,55";"74,90";""
"5768";"Fairy 0,383 л Platinum Antibacteria Eucalyptus/10";"19,00";"34";"24,00";"20,90";"21,85";"21";"4015600902339";"19,95";"22,80";""
"5766";"Fairy 0,383 л Platinum Antibacteria Lime&Lemongras/10";"19,00";"25";"24,00";"20,90";"21,85";"21";"4015600902360";"19,95";"22,80";""
"5764";"Fairy 0,383 л Platinum Quick Wash/10";"19,00";"25";"24,00";"20,90";"21,85";"21";"4015600898557";"19,95";"22,80";""
"5762";"Fairy 0,450 Orange/10";"22,00";"9";"27,50";"24,20";"25,30";"21";"4015600400279";"23,10";"26,40";""
"4748";"Fairy 0,450 л Granat/10";"22,00";"87";"27,50";"24,20";"25,30";"21";"8001090510389";"23,10";"26,40";""
"5761";"Fairy 0,450 л Lemon/10";"22,00";"59";"27,50";"24,20";"25,30";"21";"8001090510358";"23,10";"26,40";""
"2305";"Fairy 0,450 л Original/10";"22,00";"135";"27,50";"24,20";"25,30";"21";"8001090510327";"23,10";"26,40";""
"5767";"Fairy 0,450 л Pink Jasmin/10";"22,00";"86";"27,50";"24,20";"25,30";"21";"8001090900883";"23,10";"26,40";""
"5487";"Fairy капсули 3в1 Professional (35 шт)/3";"182,00";"120";"243,00";"200,20";"209,30";"15";"8001841585994";"191,10";"218,40";""
"3625";"Fekkai шампунь 9 мл + кондиціонер 9 мл/25";"3,00";"616";"6,00";"3,35";"3,50";"140";"730870811412";"3,20";"3,65";""
"4309";"Femina Protect Інтимне мило 400 мл (Дозатор)/4";"28,80";"7";"38,00";"31,70";"33,15";"96";"5902357010020";"30,25";"34,60";""
"4308";"Femina Sensitive Інтимне мило 400 мл (Дозатор)/4";"28,80";"10";"38,00";"31,70";"33,15";"96";"5902357010037";"30,25";"34,60";""
"4031";"Figaro Argan Oil піна для гоління, 400 мл";"36,00";"1";"43,00";"39,65";"41,45";"38";"8004120905469";"37,85";"43,25";""
"4663";"Finish Quantum Lemon Sparkle табл. для посудомийок (64 табл.)/4";"264,00";"36";"320,00";"290,40";"303,60";"152";"5900627076110";"277,20";"316,80";""
"5129";"Finish капсули для посудомийок All in1 MAX Graisses (42 шт)";"135,00";"10";"176,00";"148,50";"155,25";"152";"5900627090123";"141,75";"162,00";""
"222";"Finish сіль для порсудомийок 1,2 кг/8";"34,50";"8";"42,00";"38,00";"39,70";"152";"4002448046424";"36,25";"41,45";""
"4036";"Finish табл. для посудомийок All in 1 Lemon (90 табл.)";"240,00";"6";"280,00";"264,00";"276,00";"152";"5900627089721";"252,00";"288,00";""
"5240";"Flash Professional засіб для туалету, 750 мл WC/12";"44,00";"39";"50,00";"48,45";"50,65";"22";"8001841381237";"46,25";"52,85";""
"4378";"Forea мило Milk&Honey, 150 г/32";"0,45";"31";"18,00";"15,85";"16,60";"45";"4260421988110";"15,15";"17,30";""
"4379";"Forea мило Olive Natural Oils, 150 г/32";"0,45";"23";"18,00";"15,85";"16,60";"45";"4260421988127";"15,15";"17,30";""
"4383";"Forea мило Sea Breeze, 150 г/32";"0,45";"24";"18,00";"15,85";"16,60";"45";"4260421988134";"15,15";"17,30";""
"5779";"Formil гель 1,5 л (20 прань) Color/6";"1,95";"4";"100,00";"68,65";"71,80";"16";"20377892";"65,55";"74,90";""
"4198";"Formil гель 1,5 л (41 прання) Cotton/6";"2,79";"2";"110,00";"98,25";"102,70";"16";"20999063";"93,75";"107,15";""
"3930";"Formil гель 1,5 л (41 прання) Sport/6";"2,79";"3";"110,00";"98,25";"102,70";"16";"20637088";"93,75";"107,15";""
"3223";"Formil гель 1,5 л (41 прання) Wolle для делікатного прання";"2,79";"1";"110,00";"98,25";"102,70";"16";"20328030";"93,75";"107,15";""
"1500";"Formil гель для прання 1л (28) Activ/9";"2,88";"14";"110,00";"101,40";"106,00";"16";"20439804";"96,80";"110,60";""
"4815";"Formil пральний порошок 2,6 кг (40 прань) 2in1 Lavander/4";"135,00";"9";"160,00";"148,50";"155,25";"17";"4056489233459";"141,75";"162,00";""
"5237";"Fusion Skinguard Sensitive касети (5 шт)";"167,50";"3";"350,00";"184,25";"192,65";"173";"7702018526161";"175,90";"201,00";""
"5806";"Fusion5  касети (4 шт)";"185,00";"9";"258,00";"203,50";"212,75";"173";"7702018561575";"194,25";"222,00";""
"4903";"G&G Maschinen Pfleger промивка для посудомиючих машин, 250 мл";"31,50";"1";"38,00";"34,70";"36,25";"152";"4311536922558";"33,10";"37,85";""
"230";"G&G Серветки вологопоглинаючі (5 шт)/15";"30,00";"30";"34,00";"33,00";"34,55";"153";"4311501419519";"31,50";"36,00";""
"750";"G&G Серветки перфоровані (6 шт)/12";"28,50";"24";"31,50";"31,35";"32,80";"153";"4311536940729";"29,95";"34,25";""
"2921";"G&G засіб для прочищення труб, 600 г/12";"46,00";"11";"52,00";"50,65";"52,95";"154";"4311536978319";"48,35";"55,25";""
"5190";"G&G мікрофібра для скла FensterTuch/15";"22,50";"62";"25,00";"24,75";"25,90";"153";"4311536965142";"23,65";"27,00";""
"1148";"G2 одн.станки чол. (5 шт)/24";"23,50";"180";"26,50";"25,85";"27,05";"35";"3014260287030";"24,70";"28,20";""
"4283";"Gama гель 1,43 л (22 прань) універсальний/4";"77,00";"3";"90,00";"84,75";"88,60";"16";"8435495808015";"80,90";"92,45";""
"3365";"Gama пральний порошок 1,170 кг (18 прання) універсал/8";"73,00";"7";"80,00";"80,35";"84,00";"17";"8435495807209";"76,70";"87,65";""
"102";"Gama пральний порошок 6,5 кг (100 прань.) універсал";"312,00";"8";"360,00";"343,20";"358,80";"17";"8435495801627";"327,60";"374,40";""
"4772";"General Fresh fiveForce туалетний блок (1) Forest+Chlor";"16,50";"20";"19,00";"18,15";"19,00";"22";"5900785171047";"17,35";"19,80";""
"4498";"General Fresh fiveForce туалетний блок (1) forest/10";"16,50";"10";"19,00";"18,15";"19,00";"22";"5900785171016";"17,35";"19,80";""
"4501";"General Fresh fiveForce туалетний блок (1) lemon/10";"16,50";"20";"19,00";"18,15";"19,00";"22";"5900785171009";"17,35";"19,80";""
"4499";"General Fresh fiveForce туалетний блок (1) melon/10";"16,50";"20";"19,00";"18,15";"19,00";"22";"5900785171023";"17,35";"19,80";""
"4500";"General Fresh fiveForce туалетний блок (1) sea/10";"16,50";"10";"19,00";"18,15";"19,00";"22";"5900785171030";"17,35";"19,80";""
"5042";"Gillette Fusion гель д/гол. Ultra Sensitive, 200 мл Зелений/6";"53,00";"9";"68,50";"58,35";"61,00";"38";"7702018464777";"55,70";"63,65";""
"1692";"Gillette Series Sensetive гель для гоління 200 мл";"49,00";"35";"57,00";"53,95";"56,40";"38";"3014260214692";"51,50";"58,85";""
"974";"Gillette Series гель для гоління 200 мл Moisturizing";"50,00";"11";"57,00";"55,05";"57,55";"38";"3014260220051";"52,55";"60,00";""
"5374";"Gillette SkinGuard гель для гоління Sensitiv, 200 мл/6";"44,00";"2";"57,00";"48,45";"50,65";"38";"7702018493722";"46,25";"52,85";""
"202";"Gillette піна для гоління Classic/6";"31,60";"2";"36,00";"34,80";"36,35";"38";"7702018980925";"33,20";"37,95";""
"5745";"Head and Shoulders Deep Clean Глибоке очищення 400 мл/6";"60,00";"25";"85,00";"66,00";"69,00";"140";"8001841997346";"63,00";"72,00";""
"180";"Intesa лак 500мл/24";"45,50";"57";"55,00";"50,10";"52,35";"33";"8003510002207";"47,80";"54,65";""
"179";"Intesa піна 300мл/12";"43,50";"29";"52,00";"47,90";"50,05";"33";"8003510002238";"45,70";"52,25";""
"4645";"Johnsons Baby шамп. дитячий, 300 мл/12 (Regular)";"38,00";"13";"43,00";"41,85";"43,75";"140";"3574669907880";"39,95";"45,65";""
"4647";"Johnsons Baby шамп. дитячий, 300 мл/12 (Нічний)";"38,00";"13";"43,00";"41,85";"43,75";"140";"3574669907675";"39,95";"45,65";""
"4646";"Johnsons Baby шамп. дитячий, 300 мл/12 (Ромашка)";"38,00";"4";"43,00";"41,85";"43,75";"140";"3574669907828";"39,95";"45,65";""
"5724";"Kiwi Інноваційні серветки для видалення бруду із взуття (4 шт)/24";"10,00";"48";"12,00";"11,00";"11,50";"24";"5000204986006";"10,50";"12,00";""
"4102";"Kret засіб для прочистки труб 400 мл/12";"41,00";"9";"51,00";"45,15";"47,20";"154";"5900931024708";"43,10";"49,25";""
"260";"Lactacyd інтимне мило 200 мл (зап)/12";"58,50";"32";"65,00";"64,40";"67,30";"96";"5391520942662";"61,45";"70,25";""
"5315";"Lady speed stick GEL Breath of Freshness гелевий антиперсперант 65 мл";"53,00";"15";"60,00";"58,35";"61,00";"166";"8718951119413";"55,70";"63,65";""
"5317";"Lady speed stick GEL Fitness гелевий антиперсперант 65 мл";"53,00";"16";"60,00";"58,35";"61,00";"166";"8718951253995";"55,70";"63,65";""
"5318";"Lady speed stick GEL Invisible Protection гелевий антиперсперант 65 мл";"53,00";"16";"60,00";"58,35";"61,00";"166";"4606144002625";"55,70";"63,65";""
"5316";"Lady speed stick GEL PRO 5in1 гелевий антиперсперант 65 мл";"53,00";"16";"60,00";"58,35";"61,00";"166";"8714789966403";"55,70";"63,65";""
"5710";"Lenor капсули 3в1 Aprilfrisch (3 шт)/45";"15,15";"54";"18,00";"16,70";"17,45";"15";"8006540064207";"15,95";"18,20";""
"5666";"Lenor ополіскувач 0,550 л (18)  Gold Orchid/8";"23,00";"14";"32,00";"25,30";"26,45";"20";"8001090241245";"24,15";"27,60";""
"5758";"Lenor ополіскувач 0,550 л (22) Ametista Rosa Love/8";"23,00";"9";"32,00";"25,30";"26,45";"20";"8001841996899";"24,15";"27,60";""
"5115";"Lenor ополіскувач 1,36 л Spring Awakening (голубий)/6";"42,50";"16";"70,00";"46,80";"48,90";"20";"8001090207333";"44,65";"51,00";""
"5794";"Lenor ополіскувач в гранулах 140 г April Fresh/6";"70,00";"10";"80,00";"77,00";"80,55";"20";"8001090891044";"73,55";"84,00";""
"5356";"Lenor ополіскувач в гранулах 140 г Sun kiss/6";"70,00";"15";"80,00";"77,00";"80,55";"20";"8001841238425";"73,55";"84,00";""
"4784";"Linda рідке мило дозатор, Бавовна 500 мл (Голуба)/4";"19,50";"11";"22,00";"21,45";"22,45";"155";"5902360476189";"20,50";"23,40";""
"4785";"Linda рідке мило дозатор, Манго 500 мл (Помаранчове)/4";"19,50";"9";"22,00";"21,45";"22,45";"155";"5902360477018";"20,50";"23,40";""
"4774";"Linda рідке мило дозатор, Оливка 500 мл (Зелене)/4";"19,50";"9";"22,00";"21,45";"22,45";"155";"5902360476202";"20,50";"23,40";""
"2354";"Linda рідке мило, Бавовна 1л (Голубе)";"26,20";"62";"38,50";"28,85";"30,15";"155";"5902360477704";"27,55";"31,45";""
"4455";"Linda рідке мило, Кокос 1л (Біле)";"27,00";"34";"38,50";"29,70";"31,05";"155";"5902360479067";"28,35";"32,45";""
"5643";"Linda рідке мило, Манго 1л (Помаранчове)/6";"27,00";"46";"38,50";"29,70";"31,05";"155";"5902360477025";"28,35";"32,45";""
"4454";"Linda рідке мило, Оливка 1л (Зелене)";"26,20";"21";"38,50";"28,85";"30,15";"155";"5902360477711";"27,55";"31,45";""
"5026";"Linda рідке мило, Троянда/ Піон 1л (Рожеве)/5";"27,00";"44";"38,50";"29,70";"31,05";"155";"5902686250098";"28,35";"32,45";""
"5633";"Listerine Total Care 6in1, 95 мл";"13,50";"6";"16,00";"14,85";"15,55";"180";"3574661297026";"14,20";"16,20";""
"4928";"Maxi Trat гель 1,485 л (30 прань)/6";"2,10";"6";"100,00";"73,95";"77,30";"16";"40893501";"70,60";"80,65";""
"5304";"Maxi Trat пральний порошок (100 прань) Universal";"9,00";"1";"360,00";"316,80";"331,20";"17";"20669010";"302,40";"345,60";""
"5202";"Meridol зубна паста від кровоточивості 75 мл тюб./12";"21,00";"39";"50,00";"23,10";"24,15";"46";"8718951263321";"22,05";"25,20";""
"2692";"Microbec сашет (18 шт)/12";"190,00";"9";"240,00";"209,05";"218,50";"23";"5904517035898";"199,50";"228,00";""
"5562";"Morning Fresh Apple мийка для посуду 900 мл/8";"46,50";"35";"52,00";"51,20";"53,50";"21";"5900998022693";"48,85";"55,85";""
"5563";"Morning Fresh Lemon мийка для посуду 900 мл/8";"46,50";"2";"52,00";"51,20";"53,50";"21";"5900998022686";"48,85";"55,85";""
"5564";"Morning Fresh Original мийка для посуду 900 мл/8";"46,50";"3";"52,00";"51,20";"53,50";"21";"5900998022679";"48,85";"55,85";""
"5396";"Morning Fresh Raspberry&Apple мийка для посуду 900 мл/8";"46,50";"42";"52,00";"51,20";"53,50";"21";"5900998023447";"48,85";"55,85";""
"5395";"Morning Fresh Sensitive мийка для посуду 900 мл/8";"46,50";"7";"52,00";"51,20";"53,50";"21";"5900998022990";"48,85";"55,85";""
"5742";"Mr. Proper Professional засіб для туалету, 750 мл WC/12";"44,00";"4";"50,00";"48,45";"50,65";"22";"4084500208179";"46,25";"52,85";""
"5784";"Nivea гель для гоління Deep 200 мл/6/24";"68,50";"4";"80,00";"75,40";"78,80";"38";"4005900498144";"71,95";"82,25";""
"5805";"Nivea гель для гоління Protect & Care 200 мл/6/12";"68,50";"9";"80,00";"75,40";"78,80";"38";"4005808223039";"71,95";"82,25";""
"5750";"Nivea гель для гоління Екстремальна свіжість 200 мл New/6/12";"68,00";"9";"80,00";"74,85";"78,20";"38";"4005808229109";"71,45";"81,65";""
"5783";"Nivea гель для гоління для чутливої шкіри Sensitive Cool 200 мл/6/12";"68,50";"5";"80,00";"75,40";"78,80";"38";"4005900080400";"71,95";"82,25";""
"4553";"Nivea гель-душ жін. 750мл Care&Roses/12";"75,00";"1";"86,00";"82,55";"86,30";"171";"4005900264381";"78,80";"90,00";""
"4624";"Nivea гель-душ жін. 750мл Coconut &Jojoba Oil/12";"75,00";"4";"86,00";"82,55";"86,30";"171";"4005900555915";"78,80";"90,00";""
"4522";"Nivea гель-душ жін. 750мл Creme Aloe/12";"75,00";"3";"86,00";"82,55";"86,30";"171";"4005900648181";"78,80";"90,00";""
"4625";"Nivea гель-душ жін. 750мл Creme Smooth/12";"75,00";"2";"86,00";"82,55";"86,30";"171";"4005900138842";"78,80";"90,00";""
"1696";"Nivea гель-душ жін. 750мл Creme Soft/12";"75,00";"1";"86,00";"82,55";"86,30";"171";"4005808134830";"78,80";"90,00";""
"4554";"Nivea гель-душ жін. 750мл Creme care/12";"75,00";"1";"86,00";"82,55";"86,30";"171";"4005808917204";"78,80";"90,00";""
"5702";"Nivea гель-душ жін. 750мл Diamond&Lychee/12";"75,00";"2";"86,00";"82,55";"86,30";"171";"4005808399123";"78,80";"90,00";""
"4521";"Nivea гель-душ жін. 750мл Orange&Bamboo Milk/12";"75,00";"3";"86,00";"82,55";"86,30";"171";"5201178027348";"78,80";"90,00";""
"5376";"Nivea крем (шайба) 150 мл/24";"35,00";"16";"49,50";"38,55";"40,30";"37";"4005808158003";"36,80";"42,00";""
"1036";"Numero маска, 1л (Repiar)/6";"120,00";"5";"140,00";"132,00";"138,00";"42";"8011935052875";"126,00";"144,00";""
"1185";"Numero шампунь, 1л (Repair)/6";"145,00";"12";"160,00";"159,50";"166,75";"140";"8011935052899";"152,25";"174,00";""
"5746";"OldSpice Captain набір (г/душ+шамп.2в1 250 мл+дез/ стік 50 мл+Лосьйон п/гол.100 мл)/6";"7,65";"9";"235,00";"233,95";"244,60";"92";"8001841896335";"223,35";"255,25";""
"5548";"Omo Intensive Leuchtkraft пральний порошок (100 прань) Universal, 7 кг";"380,00";"1";"450,00";"418,05";"437,00";"17";"8720181016370";"399,00";"456,00";""
"2269";"Oxy плямовивідник, 2л (для кольорового)";"64,00";"12";"85,00";"70,45";"73,65";"19";"5902360479869";"67,25";"76,85";""
"3672";"Oxy плямовивідник, 750 г (для білого)";"44,00";"9";"56,50";"48,45";"50,65";"19";"5902360479883";"46,25";"52,85";""
"3671";"Oxy плямовивідник, 750 г (для кольорового)";"44,00";"40";"56,50";"48,45";"50,65";"19";"5902360479876";"46,25";"52,85";""
"262";"Pani Walewska Classic 100 г/40";"11,80";"97";"15,00";"13,00";"13,60";"45";"5900793031517";"12,40";"14,20";""
"263";"Pani Walewska Gold 100 г/40";"11,70";"19";"15,00";"12,90";"13,50";"45";"5900793033627";"12,30";"14,05";""
"264";"Pani Walewska Noir 100 г/40";"11,70";"54";"15,00";"12,90";"13,50";"45";"5900793034631";"12,30";"14,05";""
"3515";"Pani Walewska Ruby 100 г/40";"11,80";"86";"15,00";"13,00";"13,60";"45";"5900793042766";"12,40";"14,20";""
"266";"Pani Walewska Sweet Rose 100 г/40";"11,70";"73";"15,00";"12,90";"13,50";"45";"5900793037335";"12,30";"14,05";""
"265";"Pani Walewska White 100 г/40";"11,70";"93";"15,00";"12,90";"13,50";"45";"5900793034655";"12,30";"14,05";""
"5778";"Pattex S.O.S. суперклей, 1г/12/12";"1,08";"6";"50,00";"38,05";"39,75";"23";"9000100788274";"36,30";"41,50";""
"3200";"Persil гель 2,5 л (50 прань) Color/4";"195,00";"14";"242,00";"214,50";"224,25";"16";"9000101321258";"204,75";"234,00";""
"5368";"Persil гель 2,5 л (50 прань) Expert Silan/4";"195,00";"13";"242,00";"214,50";"224,25";"16";"9000101321647";"204,75";"234,00";""
"95";"Perwoll гель 1л Color (червоний)/8";"59,00";"11";"68,00";"64,95";"67,90";"16";"9000101326802";"62,00";"70,85";""
"96";"Perwoll гель 1л Wool (Делікатне прання)/8";"62,00";"10";"68,00";"68,25";"71,35";"16";"9000101327533";"65,15";"74,45";""
"4265";"Queen Рушник паперовий 2-шаровий (100 м)/6";"52,00";"38";"70,00";"57,25";"59,85";"135";"5900935000296";"54,65";"62,45";""
"5797";"Queen Рушник паперовий 2-шаровий (120 м)!!!/6";"63,00";"8";"70,00";"69,35";"72,50";"135";"5900935000838";"66,20";"75,65";""
"5739";"Rexona дез. кулька жін. Cotton /6";"23,00";"13";"27,00";"25,30";"26,45";"90";"8710847860829";"24,15";"27,60";""
"4238";"Rexona дез. кулька жін. Fruit Spin";"22,80";"3";"27,00";"25,10";"26,25";"90";"59016441";"23,95";"27,40";""
"312";"Rexona дез. кулька жін. Invisible Aqua (Прозорий кристал)";"23,00";"16";"27,00";"25,30";"26,45";"90";"59079781";"24,15";"27,60";""
"313";"Rexona дез. кулька жін. Invisible Pure (Чистий діамант)";"23,00";"20";"27,00";"25,30";"26,45";"90";"96086162";"24,15";"27,60";""
"311";"Rexona дез. кулька жін. InvisibleBlack";"22,80";"5";"27,00";"25,10";"26,25";"90";"8710847860843";"23,95";"27,40";""
"2944";"Rexona дез. кулька жін. InvisibleBlack + Antibacterial";"23,00";"9";"27,00";"25,30";"26,45";"90";"46195883";"24,15";"27,60";""
"3853";"Rexona дез. кулька жін. StayFresh Apple";"23,00";"27";"27,00";"25,30";"26,45";"90";"59082521";"24,15";"27,60";""
"3852";"Rexona дез. кулька жін. StayFresh Flower";"23,00";"24";"27,00";"25,30";"26,45";"90";"59082538";"24,15";"27,60";""
"3854";"Rexona дез. кулька жін. Workout";"23,00";"24";"27,00";"25,30";"26,45";"90";"59082316";"24,15";"27,60";""
"310";"Rexona дез. кулька жін. Алое";"23,00";"36";"27,00";"25,30";"26,45";"90";"59079774";"24,15";"27,60";""
"5379";"Rexona дез. кулька жін. Антибактеріальна свіжість";"23,00";"16";"27,00";"25,30";"26,45";"90";"96146484";"24,15";"27,60";""
"1867";"Rexona дез. кулька жін. Антибактеріальний ефект";"23,00";"19";"27,00";"25,30";"26,45";"90";"96125748";"24,15";"27,60";""
"309";"Rexona дез. кулька жін. Свежесть душа";"23,00";"19";"27,00";"25,30";"26,45";"90";"59079798";"24,15";"27,60";""
"1211";"Rexona дез. кулька жін. Сухість пудри";"23,00";"18";"27,00";"25,30";"26,45";"90";"59079811";"24,15";"27,60";""
"1784";"Rexona дез. кулька чол. Cobalt Dry";"25,50";"1";"30,00";"28,05";"29,35";"90";"50096954";"26,80";"30,60";""
"3923";"Rexona дез. кулька чол. Extracool";"25,50";"2";"30,00";"28,05";"29,35";"90";"59082637";"26,80";"30,60";""
"3180";"Rexona дез. кулька чол. Invisible Black&White+Antibacterial";"25,50";"5";"30,00";"28,05";"29,35";"90";"46195876";"26,80";"30,60";""
"1782";"Rexona дез. кулька чол. Invisible Black+White";"25,50";"3";"30,00";"28,05";"29,35";"90";"96097328";"26,80";"30,60";""
"1785";"Rexona дез. кулька чол. Turbo";"25,50";"2";"30,00";"28,05";"29,35";"90";"96109083";"26,80";"30,60";""
"3792";"Rexona дез. кулька чол. Workout";"25,50";"3";"30,00";"28,05";"29,35";"90";"59082293";"26,80";"30,60";""
"324";"Rexona спрей жін. Aloe";"28,00";"30";"33,00";"30,80";"32,25";"90";"8717163705988";"29,40";"33,65";""
"329";"Rexona спрей жін. CottonDry";"28,00";"12";"33,00";"30,80";"32,25";"90";"8717163655825";"29,40";"33,65";""
"4240";"Rexona спрей жін. Daisy Power";"28,00";"13";"33,00";"30,80";"32,25";"90";"8710847995729";"29,40";"33,65";""
"326";"Rexona спрей жін. Invisible Aqua (Прозорий кристал)";"28,00";"9";"33,00";"30,80";"32,25";"90";"8717163655733";"29,40";"33,65";""
"325";"Rexona спрей жін. Invisible Black";"28,00";"5";"33,00";"30,80";"32,25";"90";"8717163655757";"29,40";"33,65";""
"327";"Rexona спрей жін. Invisible Pure (Чистий діамант)";"28,00";"10";"33,00";"30,80";"32,25";"90";"8717163705995";"29,40";"33,65";""
"1213";"Rexona спрей жін. Pouder Dry";"28,00";"10";"33,00";"30,80";"32,25";"90";"8717163711668";"29,40";"33,65";""
"1345";"Rexona спрей жін. Sexy Bouquet";"28,00";"7";"33,00";"30,80";"32,25";"90";"8717163705971";"29,40";"33,65";""
"328";"Rexona спрей жін. ShowerClean";"28,00";"8";"33,00";"30,80";"32,25";"90";"8717163655764";"29,40";"33,65";""
"3847";"Rexona спрей жін. Stay Fresh Apple";"28,00";"8";"33,00";"30,80";"32,25";"90";"8717163709405";"29,40";"33,65";""
"3848";"Rexona спрей жін. Stay Fresh Flowers";"28,00";"8";"33,00";"30,80";"32,25";"90";"8717163709412";"29,40";"33,65";""
"3768";"Rexona спрей жін. Workout";"28,00";"9";"33,00";"30,80";"32,25";"90";"8717163859759";"29,40";"33,65";""
"1868";"Rexona спрей жін. Антибактеріальна свіжість";"28,00";"4";"33,00";"30,80";"32,25";"90";"8717163706008";"29,40";"33,65";""
"4857";"Rexona спрей жін. Антибактеріальний невидимий";"28,00";"9";"33,00";"30,80";"32,25";"90";"8717163655832";"29,40";"33,65";""
"2996";"Rexona спрей чол. InvisibleBlack + Antibacterial";"30,60";"10";"37,50";"33,70";"35,20";"90";"8710447171349";"32,15";"36,75";""
"3849";"Rexona спрей чол. StayFresh Citrus";"30,60";"6";"37,50";"33,70";"35,20";"90";"8710847904172";"32,15";"36,75";""
"3850";"Rexona спрей чол. StayFresh Marine";"30,60";"3";"37,50";"33,70";"35,20";"90";"8710847904141";"32,15";"36,75";""
"3767";"Rexona спрей чол. Workout";"30,60";"6";"37,50";"33,70";"35,20";"90";"8717163891735";"32,15";"36,75";""
"1781";"Rexona спрей чол. Антибактеріальна свіжість";"30,60";"6";"37,50";"33,70";"35,20";"90";"8710908760044";"32,15";"36,75";""
"1779";"Rexona спрей чол. Екстрасвіжість";"30,60";"6";"37,50";"33,70";"35,20";"90";"8710847898853";"32,15";"36,75";""
"2018";"Rexona спрей чол. Кобальт";"30,60";"7";"37,50";"33,70";"35,20";"90";"8717163663493";"32,15";"36,75";""
"2276";"Rexona спрей чол. Невидимий прозорий лід";"30,60";"5";"37,50";"33,70";"35,20";"90";"8717644644362";"32,15";"36,75";""
"5381";"Rexona спрей чол. Невидимий ч/б";"30,60";"5";"37,50";"33,70";"35,20";"90";"8717163663516";"32,15";"36,75";""
"1214";"Rexona стік жін.  Алое";"31,50";"29";"37,50";"34,70";"36,25";"90";"30056640";"33,10";"37,85";""
"1865";"Rexona стік жін.  Антибактеріальна свіжість";"31,00";"14";"37,50";"34,15";"35,70";"90";"46186263";"32,60";"37,25";""
"321";"Rexona стік жін. Invisible Aqua (Прозорий Кристал)";"31,00";"16";"37,50";"34,15";"35,70";"90";"50076598";"32,60";"37,25";""
"5740";"Rexona стік жін. Invisible Fresh Power /6/30";"31,50";"3";"37,50";"34,70";"36,25";"90";"59085416";"33,10";"37,85";""
"322";"Rexona стік жін. InvisibleBlack";"31,00";"21";"37,50";"34,15";"35,70";"90";"50076611";"32,60";"37,25";""
"2946";"Rexona стік жін. InvisibleBlack + Antibacterial";"31,00";"17";"37,50";"34,15";"35,70";"90";"46195890";"32,60";"37,25";""
"5383";"Rexona стік жін. InvisiblePure (Чистий діамант)";"31,50";"17";"37,50";"34,70";"36,25";"90";"96086223";"33,10";"37,85";""
"5382";"Rexona стік жін. Sexy bouquet";"31,50";"21";"37,50";"34,70";"36,25";"90";"59085768";"33,10";"37,85";""
"5741";"Rexona стік жін. Workout/6/30";"31,50";"11";"37,50";"34,70";"36,25";"90";"59082323";"33,10";"37,85";""
"319";"Rexona стік жін. Активний контроль";"31,00";"17";"37,50";"34,15";"35,70";"90";"87294897";"32,60";"37,25";""
"1215";"Rexona стік жін. Котон";"31,00";"21";"37,50";"34,15";"35,70";"90";"54024502";"32,60";"37,25";""
"1216";"Rexona стік жін. Свіжість душу";"31,00";"14";"37,50";"34,15";"35,70";"90";"96003435";"32,60";"37,25";""
"1338";"Rexona стік жін. Сухість пудри";"31,00";"13";"37,50";"34,15";"35,70";"90";"46149886";"32,60";"37,25";""
"1470";"Rexona стік чол. Антибактеріальний ефект";"32,00";"2";"38,50";"35,25";"36,85";"90";"87294910";"33,65";"38,45";""
"1468";"Rexona стік чол. Невидимий чорно-білий";"32,00";"2";"38,50";"35,25";"36,85";"90";"46143617";"33,65";"38,45";""
"15";"S (Вітамінний) шампунь (рожевий)";"37,80";"13";"41,60";"41,60";"43,50";"6";"4810151011109";"39,70";"45,40";"юмікс"
"1997";"S (Мультіфруктовий) шампунь (зелений)";"37,80";"11";"41,60";"41,60";"43,50";"6";"4810151011093";"39,70";"45,40";"юмікс"
"1998";"S (Укріплюючий) шампунь (жовтий)";"37,80";"11";"41,60";"41,60";"43,50";"6";"4810151010966";"39,70";"45,40";"юмікс"
"4853";"Safeguard мило 90 г Класичне (72)";"12,75";"198";"14,00";"14,05";"14,70";"45";"5000174349672";"13,40";"15,30";""
"5371";"Savo Гель для посуду Hygienic 450 мл/14";"35,00";"7";"39,00";"38,55";"40,30";"21";"8710522657706";"36,80";"42,00";""
"5354";"Savo Гель для посуду Лайм 450 мл/14";"34,00";"22";"39,00";"37,45";"39,10";"21";"8710522657690";"35,75";"40,85";""
"4773";"Savo засіб від плісняви спрей 500 мл/20";"55,00";"49";"66,00";"60,55";"63,30";"22";"8594005390225";"57,80";"66,00";""
"5216";"Savo капсули 3в1 (17 шт) Regular/3";"86,70";"4";"100,00";"95,40";"99,75";"15";"8710447444009";"91,05";"104,05";""
"1728";"Secret Дез. кремовий Active";"1,70";"4";"56,00";"52,00";"54,35";"166";"5000174244175";"49,65";"56,75";""
"1633";"Secret Дез. кремовий Delicate";"1,70";"6";"56,00";"52,00";"54,35";"166";"5000174999839";"49,65";"56,75";""
"5015";"Selpak туалетний папір 3-шаровий (16 шт)/3";"130,00";"13";"150,00";"143,00";"149,50";"135";"8690530134546";"136,50";"156,00";""
"699";"Sensor Excel касети (10шт)";"9,38";"2";"290,00";"286,85";"299,90";"173";"3014260216665";"273,85";"312,95";""
"4449";"Sgrassatore Chante Clair спрей 625 мл (Лаванда Фіолетовий)/12";"54,42";"31";"72,00";"59,90";"62,60";"21";"8015194508036";"57,15";"65,35";""
"3555";"Sgrassatore Chante Clair спрей 625 мл (Лимон Жовтий)/12";"54,42";"22";"72,00";"59,90";"62,60";"21";"8015194508029";"57,15";"65,35";""
"4450";"Sgrassatore Chante Clair спрей 625 мл (Марсель Червоний)/12";"54,42";"11";"72,00";"59,90";"62,60";"21";"8015194508012";"57,15";"65,35";""
"5594";"Soft&Gentle Рідке мило Aloe Vera, 500 мл/12";"0,75";"7";"30,00";"26,40";"27,60";"155";"4009737209744";"25,20";"28,80";""
"5592";"Soft&Gentle Рідке мило Fruchtezauber, 500 мл/12";"0,75";"6";"30,00";"26,40";"27,60";"155";"4009737209775";"25,20";"28,80";""
"5596";"Soft&Gentle Рідке мило Milch&Honig, 500 мл/12";"0,75";"6";"30,00";"26,40";"27,60";"155";"4009737209720";"25,20";"28,80";""
"5593";"Soft&Gentle Рідке мило Sensitive, 500 мл/12";"0,75";"6";"30,00";"26,40";"27,60";"155";"4009737201946";"25,20";"28,80";""
"5595";"Soft&Gentle Рідке мило Vanille&Kokos, 500 мл/12";"0,75";"7";"30,00";"26,40";"27,60";"155";"4009737209782";"25,20";"28,80";""
"5132";"Sun табл. для посудомийок Lemon(60 табл.)";"100,00";"1";"120,00";"110,05";"115,05";"152";"8712561854030";"105,00";"120,00";""
"137";"SuperBaba мішки для сміття 120л/10 шт/30";"21,31";"135";"24,00";"23,45";"24,55";"25";"4820102050781";"22,40";"25,60";""
"135";"SuperBaba мішки для сміття 35л/15 шт/90";"10,37";"252";"11,50";"11,45";"11,95";"25";"4820102050767";"10,90";"12,45";""
"136";"SuperBaba мішки для сміття 60л/10 шт/75";"11,17";"246";"12,80";"12,30";"12,85";"25";"4820102050774";"11,75";"13,45";""
"5723";"Thera-med з/паста помпа, 100 мл (Complete Plus) New/10";"41,00";"43";"52,00";"45,15";"47,20";"46";"5410091715052";"43,10";"49,25";""
"386";"Thera-med з/паста помпа, 100 мл (Original)/10";"44,00";"3";"52,00";"48,45";"50,65";"46";"4015100185294";"46,25";"52,85";""
"3953";"Thera-med з/паста помпа, 100 мл (Pure Breathe)/10";"44,00";"4";"52,00";"48,45";"50,65";"46";"4015100185287";"46,25";"52,85";""
"2";"Thermal line ШАМПУНЬ на термальній воді, 500 мл";"43,90";"37";"48,30";"48,30";"50,50";"6";"4810153010360";"46,10";"52,70";"інна"
"5506";"Tide гель 975 мл (15 прань), Алпійська свіжість/3";"52,00";"14";"60,00";"57,25";"59,85";"16";"4015400880868";"54,65";"62,45";""
"4756";"Tresemme Botanique Detox маска для волосся, 300мл/6";"79,00";"2";"90,00";"86,95";"90,90";"160";"8710447331095";"83,00";"94,85";""
"4758";"Tresemme Repair & Protect маска для волосся, 300мл";"79,00";"3";"90,00";"86,95";"90,90";"160";"8714100917480";"83,00";"94,85";""
"4744";"Tresemme б-м Botanique Detox Зволожуючий жін. 400 мл/6";"50,60";"9";"58,00";"55,70";"58,20";"160";"8710447224311";"53,15";"60,75";""
"5011";"Tresemme б-м COLOUR SHINEPLEX  жін. 400 мл/6";"50,60";"9";"58,00";"55,70";"58,20";"160";"8717163628355";"53,15";"60,75";""
"5009";"Tresemme б-м Collagen+Fullness Об'єм жін. 400 мл/6";"50,60";"10";"58,00";"55,70";"58,20";"160";"8710447405697";"53,15";"60,75";""
"5010";"Tresemme б-м Diamond Strength Зміцнюючий жін. 400 мл/10";"50,60";"9";"58,00";"55,70";"58,20";"160";"8714100917640";"53,15";"60,75";""
"4743";"Tresemme б-м Keratin Smooth Розгладжуючий жін. 400 мл/6";"50,60";"10";"58,00";"55,70";"58,20";"160";"8710447224366";"53,15";"60,75";""
"4600";"Tresemme б-м Repair and Protect Відновлюючий жін. 400 мл/6";"50,60";"9";"58,00";"55,70";"58,20";"160";"8710447224205";"53,15";"60,75";""
"4601";"Tresemme ш-нь Botanique Detox Зволожуючий жін. 400 мл/6";"50,60";"5";"58,00";"55,70";"58,20";"160";"8710447211052";"53,15";"60,75";""
"4884";"Tresemme ш-нь COLOUR SHINEPLEX  жін. 400 мл";"50,60";"5";"58,00";"55,70";"58,20";"160";"8717163630105";"53,15";"60,75";""
"4602";"Tresemme ш-нь Collagen+Fullness Об'єм жін. 400 мл";"50,60";"5";"58,00";"55,70";"58,20";"160";"8710447405703";"53,15";"60,75";""
"4347";"Tresemme ш-нь Diamond Strength Зміцнюючий жін. 400 мл/10";"50,60";"15";"58,00";"55,70";"58,20";"160";"8714100917633";"53,15";"60,75";""
"4603";"Tresemme ш-нь Keratin Smooth Розгладжуючий жін. 400 мл/6";"50,60";"6";"58,00";"55,70";"58,20";"160";"8710447224342";"53,15";"60,75";""
"4346";"Tresemme ш-нь Repair and Protect Відновлюючий жін. 400 мл/6";"50,60";"1";"58,00";"55,70";"58,20";"160";"8710447224175";"53,15";"60,75";""
"731";"Vanish плямовивідник 0,450 л (для кольорового)/14";"33,00";"67";"38,50";"36,35";"38,00";"19";"5949031308981";"34,70";"39,65";""
"687";"Vanish плямовивідник 100 мл сашет  (для білого)/24";"13,50";"180";"14,85";"14,85";"15,55";"19";"5900627027426";"14,20";"16,20";""
"5153";"Vanish плямовивідник 100мл сашет (для кольорового) NEW/24";"13,00";"326";"14,85";"14,30";"14,95";"19";"5949031309001";"13,65";"15,60";""
"1024";"Vanish плямовивідник, 1л (для кольорового)/12";"69,00";"33";"80,00";"75,95";"79,40";"19";"5997321747743";"72,50";"82,85";""
"5179";"Vanish уловлювач кольорів (40 шт)";"73,00";"3";"85,00";"80,35";"84,00";"19";"5900627061970";"76,70";"87,65";""
"14";"VinoSPA шампунь";"41,80";"38";"46,00";"46,00";"48,10";"6";"4810153008169";"43,90";"50,20";"юмікс"
"5507";"Vizir гель 1,1 л (20 прань), Alpine/4";"70,00";"5";"85,00";"77,00";"80,55";"16";"8001090792754";"73,55";"84,00";""
"4791";"Vizir капсули 3в1 (39 шт.) Alpine Fresh/3";"198,90";"4";"226,00";"218,80";"228,75";"15";"8001841686264";"208,85";"238,70";""
"5511";"Vizir пральний порошок 2,7 кг (36 прань) Sensetiv/5";"145,00";"9";"180,00";"159,50";"166,75";"17";"8001841693583";"152,25";"174,00";""
"5235";"Vizir пральний порошок 4.35 кг (58 прань) Color";"215,00";"8";"275,00";"236,50";"247,25";"17";"8001841693842";"225,75";"258,00";""
"5144";"W5 Bad-Hygiene Reiniger спрей унів., 750мл";"0,95";"15";"40,00";"33,45";"35,00";"22";"4056489204381";"31,95";"36,50";""
"5062";"W5 Hygiene Reiniger (+) спрей унів., 750мл";"0,95";"16";"40,00";"33,45";"35,00";"22";"4056489242710";"31,95";"36,50";""
"738";"W5 молочко-крем для кухні та ванни 750 мл";"0,77";"6";"30,00";"27,15";"28,35";"21";"20163228";"25,90";"29,60";""
"130";"W5 спрей від жиру для кухні, 750 мл/10";"1,04";"14";"53,00";"36,65";"38,30";"21";"20318284";"34,95";"39,95";""
"5753";"W5 спрей для ванної кімнати, 1000 мл Zitron/10";"0,87";"11";"45,00";"30,65";"32,05";"22";"4056489168447";"29,25";"33,45";""
"5754";"W5 спрей для ванної кімнати, 750 мл OceanNEW/12";"0,81";"5";"40,00";"28,55";"29,85";"22";"4056489168416";"27,25";"31,15";""
"129";"WC-Tabs таблетки для знаття нальоту в унітазі (16 шт)/7";"45,00";"10";"56,00";"49,55";"51,80";"22";"4311501654552";"47,30";"54,00";""
"4851";"Weleda Baby Calendula дитячий крем 75 мл";"25,00";"17";"40,00";"27,50";"28,75";"37";"4001638098311";"26,25";"30,00";""
"3932";"Well Done спрей-антижир, 750 мл/15";"57,00";"74";"70,00";"62,75";"65,60";"21";"5998466114018";"59,90";"68,45";""
"5632";"Wilkinson Quattro Sensitive станки одноразові чол. (3+1 шт)/12";"107,50";"12";"130,00";"118,30";"123,65";"35";"4027800707805";"112,90";"129,00";""
"5269";"Woolite капсули з кератином (28 прань) Black, Dark/8";"98,00";"5";"140,00";"107,85";"112,75";"15";"5900627070576";"102,95";"117,65";""
"5353";"Zosia Samosia універсальні серветки для прибирання (40 шт)/12";"52,00";"2";"60,00";"57,25";"59,85";"135";"5908272616361";"54,65";"62,45";""
"4813";"Zosia мішки для сміття 35л 30 шт/32";"17,00";"50";"20,00";"18,70";"19,55";"25";"5900942950157";"17,85";"20,40";""
"5325";"Zosia мішки для сміття 60 18 шт/34";"17,50";"36";"20,00";"19,25";"20,15";"25";"5900942150151";"18,40";"21,00";""
"289";"Ідеальне Відбілювання крем для обличчя SPF20 (денний)";"51,20";"1";"56,35";"56,35";"58,90";"133";"4810153018755";"53,80";"61,45";"Юмікс"
"1660";"Алое (жирне) шампунь";"43,90";"2";"48,50";"48,30";"50,50";"6";"4810153011022";"46,10";"52,70";""
"13";"Баня-сауна антицелюлітний крем";"46,60";"4";"51,30";"51,30";"53,60";"133";"4810153005977";"48,95";"55,95";""
"5651";"Бархатні ручки крем ""Без запаху""/20";"14,30";"3";"16,50";"15,75";"16,45";"37";"8714100914694";"15,05";"17,20";""
"1676";"Бархатні ручки крем ""Живильний""/20";"14,30";"7";"16,50";"15,75";"16,45";"37";"8714100710081";"15,05";"17,20";""
"1677";"Бархатні ручки крем ""Захисний""/20";"14,30";"19";"16,50";"15,75";"16,45";"37";"8714100711583";"15,05";"17,20";""
"1678";"Бархатні ручки крем ""Зволожуючий""/20";"14,30";"16";"16,50";"15,75";"16,45";"37";"8714100711576";"15,05";"17,20";""
"2365";"Бархатні ручки крем ""Комплексний""/20";"14,30";"8";"16,50";"15,75";"16,45";"37";"8714100711569";"15,05";"17,20";""
"690";"Батарейки Duracell R3/12/120";"9,25";"96";"10,50";"10,20";"10,65";"28";"5000394115484";"9,75";"11,10";""
"692";"Батарейки Kodak R3/60";"1,85";"240";"2,50";"2,05";"2,15";"28";"887930411713";"1,95";"2,25";""
"5749";"Батарейки Kodak R6 New/60";"2,15";"160";"2,50";"2,40";"2,50";"28";"887930421187";"2,30";"2,60";""
"1395";"Березово-дьогтярний шампунь";"40,90";"6";"46,00";"45,00";"47,05";"6";"4810151012304";"42,95";"49,10";"юмікс"
"40";"Вино  бальзам";"37,80";"24";"41,60";"41,60";"43,50";"7";"4810153008183";"39,70";"45,40";""
"5715";"Вологі серветки Johnson`s (2*56 шт)/6";"46,00";"7";"56,00";"50,65";"52,95";"43";"3574661421926";"48,35";"55,25";""
"4074";"Вологі серветки Pampers Fresh Clean (52 шт)/12";"25,60";"28";"35,00";"28,20";"29,45";"43";"8001841077949";"26,90";"30,75";""
"5401";"Вологі серветки Pampers Sensitive (52 шт)/12";"25,60";"14";"35,00";"28,20";"29,45";"43";"8001841062624";"26,90";"30,75";""
"44";"Гранат бальзам";"37,80";"17";"41,60";"41,60";"43,50";"7";"4810153009357";"39,70";"45,40";""
"3";"Гранат шампунь";"40,50";"27";"44,60";"44,60";"46,60";"6";"4810153009333";"42,55";"48,65";"юмікс"
"1642";"Дихлофос Neo 190 мл/12/48";"29,80";"20";"33,00";"32,80";"34,30";"23";"4820185020046";"31,30";"35,80";""
"3713";"Зубна щітка Colgate 360 Gold (1шт) Soft/12/72";"25,50";"94";"35,00";"28,05";"29,35";"176";"8693495048019";"26,80";"30,60";""
"3882";"Зубна щітка Colgate 360 Whole Mouth Clean (1шт) Medium/12/72";"25,50";"31";"35,00";"28,05";"29,35";"176";"8714789183800";"26,80";"30,60";""
"2878";"Зубна щітка Colgate Extra Clean Medium (1 шт)/12";"10,50";"24";"15,00";"11,55";"12,10";"176";"8718951239371";"11,05";"12,60";""
"1421";"Зубна щітка Colgate Max Fresh (1шт) Medium/72";"21,00";"71";"35,00";"23,10";"24,15";"176";"058000004481";"22,05";"25,20";""
"5444";"Зубна щітка Colgate Zig Zag (1шт) Medium/12";"14,00";"1";"19,00";"15,40";"16,10";"176";"6001067004943";"14,70";"16,80";""
"4806";"Зубна щітка Dentix дитяча  від 2-6, (2 шт)/18";"30,00";"17";"35,00";"33,00";"34,55";"176";"7610196023115";"31,50";"36,00";""
"383";"Зубна щітка Dontodent (2 шт) junior/16";"0,85";"15";"36,00";"29,95";"31,30";"176";"4058172058547";"28,60";"32,65";""
"269";"Зубна щітка Dr. Brush 3035/12";"4,50";"48";"8,00";"5,00";"5,20";"176";"6930660930352";"4,75";"5,45";""
"3557";"Зубна щітка Dr. Brush 6023/12";"5,40";"43";"8,00";"5,95";"6,25";"176";"6930660960236";"5,70";"6,50";""
"5716";"Зубна щітка Dr. Brush Дитяча/12";"4,55";"46";"8,00";"5,05";"5,25";"176";"6930660901147";"4,80";"5,50";""
"5248";"Зубна щітка Meridol Soft (1 шт)/12";"34,00";"17";"40,00";"37,45";"39,10";"176";"8718951263130";"35,75";"40,85";""
"2620";"Зубна щітка ORAL-B 1*2*3 Classic (1 шт) /12 /96";"15,15";"60";"18,00";"16,70";"17,45";"176";"3014260832834";"15,95";"18,20";""
"4171";"Зубна щітка ORAL-B 1*2*3 Classic (3 шт)";"20,83";"20";"25,00";"22,95";"24,00";"176";"3014260818388";"21,90";"25,00";""
"5803";"Зубна щітка ORAL-B Pro-Expert Pulsar (на батарейці)(1 шт)";"20,83";"15";"100,00";"22,95";"24,00";"176";"3014260319595";"21,90";"25,00";""
"5755";"Зубна щітка ORAL-B Ultra Thin (1 шт) New /12 /96";"25,24";"70";"40,00";"27,80";"29,05";"176";"3014260095925";"26,55";"30,30";""
"5804";"Зубна щітка ORAL-B Ultra Thin (Silver) (1 шт)";"20,83";"19";"40,00";"22,95";"24,00";"176";"3014260099565";"21,90";"25,00";""
"5756";"Зубна щітка ORAL-B Ultra Thin Зелений чай (1 шт) /12 /96";"25,25";"69";"40,00";"27,80";"29,05";"176";"3014260094539";"26,55";"30,30";""
"5757";"Зубна щітка ORAL-B Дбайлива турбота (1 шт) /12 /96";"18,90";"62";"40,00";"20,80";"21,75";"176";"3014260100414";"19,85";"22,70";""
"30";"Кашемір  бальзам";"37,80";"22";"41,60";"41,60";"43,50";"7";"4810153021984";"39,70";"45,40";""
"19";"Кашемір для жирного шампунь";"41,80";"37";"46,00";"46,00";"48,10";"6";"4810153021960";"43,90";"50,20";""
"1344";"Кашемір для сухого шампунь";"41,80";"30";"46,00";"46,00";"48,10";"6";"4810153021953";"43,90";"50,20";""
"1944";"Кератин актив шампунь";"54,60";"1";"60,10";"60,10";"62,80";"6";"4810153015433";"57,35";"65,55";"інна"
"1394";"Кератин маска";"45,20";"3";"49,75";"49,75";"52,00";"7";"4810153015440";"47,50";"54,25";""
"34";"Кефірний  бальзам";"37,80";"3";"41,60";"41,60";"43,50";"7";"4810151005085";"39,70";"45,40";"Юмікс"
"5747";"Клей ""505"" Секунда/50шт";"2,68";"95";"3,50";"2,95";"3,10";"23";"6937272800172";"2,85";"3,25";""
"38";"Козье молоко  бальзам";"37,80";"3";"41,60";"41,60";"43,50";"7";"4810151005092";"39,70";"45,40";"Юмікс"
"1013";"Козье молоко шампунь";"37,80";"1";"41,60";"41,60";"43,50";"6";"4810151005078";"39,70";"45,40";"юмікс"
"3103";"Контрацепти ""Гусарські"" (3 шт)";"10,00";"2";"14,00";"11,00";"11,50";"128";"5060040305287";"10,50";"12,00";""
"3321";"Контрацепти Contex (12 шт)";"67,00";"8";"82,00";"73,75";"77,05";"128";"";"70,40";"80,45";""
"5307";"Контрацепти Contex (12 шт) Classic";"67,00";"127";"82,00";"73,75";"77,05";"128";"5060040302552";"70,40";"80,45";""
"5309";"Контрацепти Contex (12 шт) Extra Sensation";"67,00";"69";"82,00";"73,75";"77,05";"128";"5052197051506";"70,40";"80,45";""
"5310";"Контрацепти Contex (12 шт) Light";"67,00";"130";"82,00";"73,75";"77,05";"128";"5060040302088";"70,40";"80,45";""
"5308";"Контрацепти Contex (12 шт) Long Love";"67,00";"72";"82,00";"73,75";"77,05";"128";"5060040302545";"70,40";"80,45";""
"3407";"Контрацепти Contex Classic (3 шт)";"20,00";"84";"24,00";"22,00";"23,00";"128";"5060040300145";"21,00";"24,00";""
"3204";"Контрацепти Contex Extra Sensation (3 шт)";"20,00";"271";"24,00";"22,00";"23,00";"128";"5052197051476";"21,00";"24,00";""
"3408";"Контрацепти Contex Light (3 шт)";"20,00";"32";"24,00";"22,00";"23,00";"128";"5060040300114";"21,00";"24,00";""
"3205";"Контрацепти Contex Long Love (3 шт)";"20,00";"72";"24,00";"22,00";"23,00";"128";"5060040300107";"21,00";"24,00";""
"3322";"Контрацепти Durex (12 шт)";"80,00";"51";"96,00";"88,00";"92,00";"128";"";"84,00";"96,00";""
"5644";"Контрацепти Durex (12 шт) Classic";"80,00";"33";"96,00";"88,00";"92,00";"128";"5010232954243";"84,00";"96,00";""
"5647";"Контрацепти Durex (12 шт) Dual Extase";"80,00";"24";"96,00";"88,00";"92,00";"128";"5052197053432";"84,00";"96,00";""
"5645";"Контрацепти Durex (12 шт) Elite";"80,00";"32";"96,00";"88,00";"92,00";"128";"5010232954229";"84,00";"96,00";""
"5649";"Контрацепти Durex (12 шт) Extra Safe";"80,00";"36";"96,00";"88,00";"92,00";"128";"5010232954205";"84,00";"96,00";""
"5646";"Контрацепти Durex (12 шт) Intense";"80,00";"51";"96,00";"88,00";"92,00";"128";"5052197056037";"84,00";"96,00";""
"5648";"Контрацепти Durex (12 шт) Pleasuremax";"80,00";"5";"96,00";"88,00";"92,00";"128";"5038483204016";"84,00";"96,00";""
"3105";"Контрацепти Durex Classic (3 шт)";"20,00";"218";"32,00";"22,00";"23,00";"128";"5010232954250";"21,00";"24,00";""
"3203";"Контрацепти Durex Dual Extase (3 шт)";"20,00";"117";"38,00";"22,00";"23,00";"128";"5052197053401";"21,00";"24,00";""
"3470";"Контрацепти Durex Elite (3 шт)";"20,00";"69";"32,00";"22,00";"23,00";"128";"5010232954236";"21,00";"24,00";""
"4273";"Контрацепти Durex Intense (3 шт)";"20,00";"76";"38,00";"22,00";"23,00";"128";"5052197056068";"21,00";"24,00";""
"3202";"Контрацепти Durex Pleasure Max (3 шт)";"20,00";"154";"32,00";"22,00";"23,00";"128";"5038483203989";"21,00";"24,00";""
"3320";"Контрацепти Durex Real Feel(3 шт)";"20,00";"113";"38,00";"22,00";"23,00";"128";"5052197026689";"21,00";"24,00";""
"3619";"Крем-коректор тональний для проблемної шкіри №001";"33,10";"1";"36,45";"36,45";"38,10";"133";"4810151013264";"34,80";"39,75";""
"5459";"Крем-коректор тональний для проблемної шкіри №003";"33,10";"3";"36,45";"36,45";"38,10";"133";"4810151013288";"34,80";"39,75";""
"2048";"Кропива шампунь";"41,80";"4";"46,00";"46,00";"48,10";"6";"4810151012298";"43,90";"50,20";"юмікс"
"37";"Кропива-арганин  бальзам";"50,70";"3";"57,10";"55,80";"58,35";"7";"4810151018719";"53,25";"60,85";""
"1661";"Кропива-арганин  шампунь";"49,40";"3";"55,70";"54,35";"56,85";"6";"4810151018702";"51,90";"59,30";""
"373";"Леза ""Bic"" (5) 20 шт";"135,00";"3";"165,00";"148,50";"155,25";"174";"070330701502";"141,75";"162,00";""
"199";"Леза ""Gillette Rubie"" (5) 20 шт";"240,00";"20";"341,00";"264,00";"276,00";"174";"3014260408336";"252,00";"288,00";""
"200";"Леза ""Рапира"" (10шт/уп)";"2,90";"4";"95,00";"88,70";"92,75";"174";"4601236000718";"84,70";"96,75";""
"201";"Леза ""Спутник"" (5) 20 шт/12";"106,00";"3";"124,00";"116,65";"121,95";"174";"3014260409036";"111,35";"127,20";""
"3985";"Масажна щітка для душу (дерево)/12";"42,51";"17";"48,00";"46,80";"48,90";"122";"6928865025782";"44,65";"51,05";""
"5539";"Набір Gillette Mach3 (станок 1 кас. + гель для гол. 200 мл)/6";"132,00";"10";"150,00";"145,20";"151,80";"36";"7702018548712";"138,60";"158,40";""
"39";"Обліпиха  бальзам";"37,80";"20";"41,60";"41,60";"43,50";"7";"4810151011062";"39,70";"45,40";"юмікс"
"16";"Обліпиха шампунь";"41,80";"16";"46,00";"46,00";"48,10";"6";"4810151011055";"43,90";"50,20";"юмікс"
"5782";"Одеколон  ""For Men"" 80 мл/20";"9,50";"40";"10,50";"10,45";"10,95";"138";"4820010220252";"10,00";"11,40";""
"1810";"Одеколон  ""Для мужчин"" 80 мл/20";"9,40";"35";"10,50";"10,35";"10,85";"138";"4820010220092";"9,90";"11,30";""
"2071";"Одеколон ""Дипломат"" 80 мл/20";"9,40";"16";"10,50";"10,35";"10,85";"138";"4820010220030";"9,90";"11,30";""
"1931";"Одеколон ""Консул"" 80 мл/20";"9,40";"49";"10,50";"10,35";"10,85";"138";"4820010220412";"9,90";"11,30";""
"1812";"Одеколон ""Саша"" 80 мл/20";"9,40";"37";"10,50";"10,35";"10,85";"138";"4820010220023";"9,90";"11,30";""
"1813";"Одеколон ""Тет-а-тет"" 80 мл/20";"9,40";"45";"10,50";"10,35";"10,85";"138";"4820010220412";"9,90";"11,30";""
"1815";"Одеколон ""Тройний"" 180 мл/15";"13,00";"5";"15,00";"14,30";"14,95";"138";"4820025132564";"13,65";"15,60";""
"1814";"Одеколон ""Тройний"" 80 мл/20";"9,40";"40";"10,50";"10,35";"10,85";"138";"4820010220016";"9,90";"11,30";""
"1818";"Одеколон ""Шипр"" 80 мл/20";"9,40";"40";"10,50";"10,35";"10,85";"138";"4820010220085";"9,90";"11,30";""
"1811";"Одеколон ""червона москва"" 80 мл/20";"9,40";"42";"10,50";"10,35";"10,85";"138";"4827155004280";"9,90";"11,30";""
"28";"Оливка бальзам";"37,80";"19";"41,60";"41,60";"43,50";"7";"4810151011239";"39,70";"45,40";"юмікс"
"27";"Оливка шампунь";"41,80";"14";"46,00";"46,00";"48,10";"6";"4810151011222";"43,90";"50,20";"юмікс"
"2341";"Пастка-липучка для мишей (велика)/100";"8,90";"25";"11,00";"9,80";"10,25";"23";"6970776626183";"9,35";"10,70";""
"247";"Плацента 1 л голуба/12";"64,50";"12";"77,00";"71,00";"74,20";"42";"8008277132013";"67,75";"77,45";""
"248";"Плацента 1 л зелена/12";"64,50";"15";"77,00";"71,00";"74,20";"42";"8008277132006";"67,75";"77,45";""
"35";"Плюсонда бальзам";"47,20";"6";"51,95";"51,95";"54,30";"7";"4810151002060";"49,60";"56,65";""
"2522";"Помазок Spokar (Чехія)/20";"0,90";"11";"30,00";"27,55";"28,80";"175";"8593534830165";"26,30";"30,05";""
"2869";"Протеїни маска";"45,20";"3";"49,75";"49,75";"52,00";"7";"4810153025203";"47,50";"54,25";""
"2868";"Протеїни ш-нь";"45,20";"6";"49,75";"49,75";"52,00";"6";"4810153025180";"47,50";"54,25";"інна"
"32";"Ревівор бальзам";"48,60";"6";"53,50";"53,50";"55,90";"7";"4810151002015";"51,05";"58,35";""
"3040";"Репейний (фіолетовий) бальзам";"39,80";"3";"43,80";"43,80";"45,80";"7";"4810153021304";"41,80";"47,80";""
"4";"Репейний шампунь (фіолетовий)";"45,90";"3";"50,50";"50,50";"52,80";"6";"4810153021274";"48,20";"55,10";"інна"
"1578";"Репейник - суперактив шампунь";"47,90";"3";"52,70";"52,70";"55,10";"6";"4810153016652";"50,30";"57,50";"інна"
"45";"Репейник-суперактив маска";"45,90";"3";"50,50";"50,50";"52,80";"7";"4810153016676";"48,20";"55,10";""
"4365";"Ромашка шампунь";"43,20";"3";"47,55";"47,55";"49,70";"6";"4810151012656";"45,40";"51,85";""
"2580";"СІФ крем 250мл Актив Лимон/16";"19,50";"28";"21,50";"21,45";"22,45";"21";"8717163044735";"20,50";"23,40";""
"2579";"СІФ крем 250мл Актив Фреш/16";"19,50";"27";"21,50";"21,45";"22,45";"21";"8717163044797";"20,50";"23,40";""
"2582";"СІФ крем 500 мл Актив Лимон/16";"31,90";"16";"35,50";"35,10";"36,70";"21";"8717163044698";"33,50";"38,30";""
"2584";"СІФ крем 500 мл Актив Фреш/16";"31,90";"20";"35,50";"35,10";"36,70";"21";"8717163044711";"33,50";"38,30";""
"1663";"СІФ крем 500 мл Ультра Вайт/16";"31,90";"10";"35,50";"35,10";"36,70";"21";"8711600304918";"33,50";"38,30";""
"5795";"СІФ спрей універсальний Антибактеріальний 750мл/6";"37,00";"12";"45,00";"40,75";"42,60";"21";"8720181130625";"38,90";"44,45";""
"3471";"Скребок для посуду/28";"3,00";"230";"4,00";"3,35";"3,50";"153";"4820931880177";"3,20";"3,65";""
"5706";"Станок Fusion 5 (2 кас.)/6";"5,80";"3";"210,00";"177,40";"185,45";"172";"7702018458110";"169,35";"193,50";""
"5707";"Станок Fusion 5 Proglide Power Flex Ball (1 кас.)/6";"7,00";"7";"230,00";"214,10";"223,80";"172";"7702018514892";"204,35";"233,55";""
"823";"Станок Mach3 ст (1кас)";"75,00";"13";"100,00";"82,55";"86,30";"172";"4902430751483";"78,80";"90,00";""
"5635";"Станок Venus Embrace Extra Sensitive (1 кас)/5";"153,70";"2";"180,00";"169,10";"176,80";"172";"7702018364640";"161,40";"184,45";""
"5708";"Станок Venus Embrace Extra Smooth Vera Bradley (2 кас.)/3";"209,00";"1";"230,00";"229,90";"240,35";"172";"047400665354";"219,45";"250,80";""
"4358";"Станок Venus Embrace Swirl (2 кас)";"150,00";"14";"200,00";"165,00";"172,50";"172";"7702018435456";"157,50";"180,00";""
"5636";"Станок Venus Smooth (2 кас)/6";"153,70";"3";"180,00";"169,10";"176,80";"172";"7702018322985";"161,40";"184,45";""
"2949";"Станок під леза ""Рапіра""";"1,10";"6";"35,00";"33,65";"35,20";"172";"4601236000381";"32,15";"36,70";""
"2787";"Станок під леза YUMA";"0,16";"57";"7,00";"4,90";"5,15";"172";"6988718166581";"4,70";"5,35";""
"43";"Термальна вода бальзам";"39,80";"14";"43,80";"43,80";"45,80";"7";"4810153010377";"41,80";"47,80";""
"4301";"Туш Amore Мега  4D ефект накладних вій 10мл";"74,10";"5";"81,55";"81,55";"85,25";"133";"4810151017279";"77,85";"88,95";""
"4481";"Туш Amore Мега об'єм 10мл";"74,10";"7";"81,55";"81,55";"85,25";"133";"4810151017262";"77,85";"88,95";""
"5019";"Туш Red Queen червона (чорна)";"95,00";"6";"105,00";"104,55";"109,25";"133";"4810151029104";"99,80";"114,00";""
"2967";"Футляр для зубних щіток 1009";"4,60";"74";"7,00";"5,10";"5,30";"23";"2310000197234";"4,85";"5,55";""
"4935";"Цибулевий шампунь";"45,90";"3";"50,50";"50,50";"52,80";"6";"4810153021298";"48,20";"55,10";""
"3580";"ЧЛ шампунь 400 мл Гранат/12";"30,15";"3";"35,00";"33,20";"34,70";"162";"8714100773376";"31,70";"36,20";""
"3618";"ЧЛ шампунь 400мл Календула/12";"30,15";"3";"35,00";"33,20";"34,70";"162";"8722700848141";"31,70";"36,20";""
"1342";"Шовк відновлення бальзам";"37,80";"12";"41,60";"41,60";"43,50";"7";"4810153007650";"39,70";"45,40";""
"5";"Шовк шампунь для ослабленого волосся";"41,80";"16";"46,00";"46,00";"48,10";"6";"4810153006103";"43,90";"50,20";"юмікс"
"4870";"Щітка для взуття 120*40 мм (дерев)";"13,51";"19";"15,00";"14,90";"15,55";"24";"";"14,20";"16,25";""
"3791";"Щітка для взуття з ручкою (дерев)";"13,68";"26";"15,00";"15,05";"15,75";"24";"";"14,40";"16,45";""
"2931";"Щітка для килимів (Велика праска) 1045/24";"15,50";"29";"18,00";"17,05";"17,85";"23";"2310000193748";"16,30";"18,60";""
"2618";"Щітка для килимів (праска)";"8,00";"20";"12,00";"8,80";"9,20";"23";"6934284220066";"8,40";"9,60";""